fname,label
bacon_kesavRectrain_0augmented_0.wav,bacon
bacon_kesavRectrain_0augmented_1.wav,bacon
bacon_kesavRectrain_0augmented_2.wav,bacon
bacon_kesavRectrain_0augmented_3.wav,bacon
bacon_kesavRectrain_0augmented_4.wav,bacon
bacon_kesavRectrain_0augmented_5.wav,bacon
bacon_kesavRectrain_0augmented_6.wav,bacon
bacon_kesavRectrain_0augmented_7.wav,bacon
bacon_kesavRectrain_0augmented_8.wav,bacon
bacon_kesavRectrain_0augmented_9.wav,bacon
bacon_kesavRectrain_0augmented_10.wav,bacon
bacon_kesavRectrain_0augmented_11.wav,bacon
bacon_kesavRectrain_0augmented_12.wav,bacon
bacon_kesavRectrain_0augmented_13.wav,bacon
bacon_kesavRectrain_0augmented_14.wav,bacon
bacon_kesavRectrain_0augmented_15.wav,bacon
bacon_kesavRectrain_0augmented_16.wav,bacon
bacon_kesavRectrain_0augmented_17.wav,bacon
bacon_kesavRectrain_0augmented_18.wav,bacon
bacon_kesavRectrain_0augmented_19.wav,bacon
bacon_kesavRectrain_0augmented_20.wav,bacon
bacon_kesavRectrain_0augmented_21.wav,bacon
bacon_kesavRectrain_0augmented_22.wav,bacon
bacon_kesavRectrain_0augmented_23.wav,bacon
bacon_kesavRectrain_0augmented_24.wav,bacon
bacon_kesavRectrain_1augmented_0.wav,bacon
bacon_kesavRectrain_1augmented_1.wav,bacon
bacon_kesavRectrain_1augmented_2.wav,bacon
bacon_kesavRectrain_1augmented_3.wav,bacon
bacon_kesavRectrain_1augmented_4.wav,bacon
bacon_kesavRectrain_1augmented_5.wav,bacon
bacon_kesavRectrain_1augmented_6.wav,bacon
bacon_kesavRectrain_1augmented_7.wav,bacon
bacon_kesavRectrain_1augmented_8.wav,bacon
bacon_kesavRectrain_1augmented_9.wav,bacon
bacon_kesavRectrain_1augmented_10.wav,bacon
bacon_kesavRectrain_1augmented_11.wav,bacon
bacon_kesavRectrain_1augmented_12.wav,bacon
bacon_kesavRectrain_1augmented_13.wav,bacon
bacon_kesavRectrain_1augmented_14.wav,bacon
bacon_kesavRectrain_1augmented_15.wav,bacon
bacon_kesavRectrain_1augmented_16.wav,bacon
bacon_kesavRectrain_1augmented_17.wav,bacon
bacon_kesavRectrain_1augmented_18.wav,bacon
bacon_kesavRectrain_1augmented_19.wav,bacon
bacon_kesavRectrain_1augmented_20.wav,bacon
bacon_kesavRectrain_1augmented_21.wav,bacon
bacon_kesavRectrain_1augmented_22.wav,bacon
bacon_kesavRectrain_1augmented_23.wav,bacon
bacon_kesavRectrain_1augmented_24.wav,bacon
bacon_kesavRectrain_2augmented_0.wav,bacon
bacon_kesavRectrain_2augmented_1.wav,bacon
bacon_kesavRectrain_2augmented_2.wav,bacon
bacon_kesavRectrain_2augmented_3.wav,bacon
bacon_kesavRectrain_2augmented_4.wav,bacon
bacon_kesavRectrain_2augmented_5.wav,bacon
bacon_kesavRectrain_2augmented_6.wav,bacon
bacon_kesavRectrain_2augmented_7.wav,bacon
bacon_kesavRectrain_2augmented_8.wav,bacon
bacon_kesavRectrain_2augmented_9.wav,bacon
bacon_kesavRectrain_2augmented_10.wav,bacon
bacon_kesavRectrain_2augmented_11.wav,bacon
bacon_kesavRectrain_2augmented_12.wav,bacon
bacon_kesavRectrain_2augmented_13.wav,bacon
bacon_kesavRectrain_2augmented_14.wav,bacon
bacon_kesavRectrain_2augmented_15.wav,bacon
bacon_kesavRectrain_2augmented_16.wav,bacon
bacon_kesavRectrain_2augmented_17.wav,bacon
bacon_kesavRectrain_2augmented_18.wav,bacon
bacon_kesavRectrain_2augmented_19.wav,bacon
bacon_kesavRectrain_2augmented_20.wav,bacon
bacon_kesavRectrain_2augmented_21.wav,bacon
bacon_kesavRectrain_2augmented_22.wav,bacon
bacon_kesavRectrain_2augmented_23.wav,bacon
bacon_kesavRectrain_2augmented_24.wav,bacon
bacon_kesavRectrain_3augmented_0.wav,bacon
bacon_kesavRectrain_3augmented_1.wav,bacon
bacon_kesavRectrain_3augmented_2.wav,bacon
bacon_kesavRectrain_3augmented_3.wav,bacon
bacon_kesavRectrain_3augmented_4.wav,bacon
bacon_kesavRectrain_3augmented_5.wav,bacon
bacon_kesavRectrain_3augmented_6.wav,bacon
bacon_kesavRectrain_3augmented_7.wav,bacon
bacon_kesavRectrain_3augmented_8.wav,bacon
bacon_kesavRectrain_3augmented_9.wav,bacon
bacon_kesavRectrain_3augmented_10.wav,bacon
bacon_kesavRectrain_3augmented_11.wav,bacon
bacon_kesavRectrain_3augmented_12.wav,bacon
bacon_kesavRectrain_3augmented_13.wav,bacon
bacon_kesavRectrain_3augmented_14.wav,bacon
bacon_kesavRectrain_3augmented_15.wav,bacon
bacon_kesavRectrain_3augmented_16.wav,bacon
bacon_kesavRectrain_3augmented_17.wav,bacon
bacon_kesavRectrain_3augmented_18.wav,bacon
bacon_kesavRectrain_3augmented_19.wav,bacon
bacon_kesavRectrain_3augmented_20.wav,bacon
bacon_kesavRectrain_3augmented_21.wav,bacon
bacon_kesavRectrain_3augmented_22.wav,bacon
bacon_kesavRectrain_3augmented_23.wav,bacon
bacon_kesavRectrain_3augmented_24.wav,bacon
bacon_kesavRectrain_4augmented_0.wav,bacon
bacon_kesavRectrain_4augmented_1.wav,bacon
bacon_kesavRectrain_4augmented_2.wav,bacon
bacon_kesavRectrain_4augmented_3.wav,bacon
bacon_kesavRectrain_4augmented_4.wav,bacon
bacon_kesavRectrain_4augmented_5.wav,bacon
bacon_kesavRectrain_4augmented_6.wav,bacon
bacon_kesavRectrain_4augmented_7.wav,bacon
bacon_kesavRectrain_4augmented_8.wav,bacon
bacon_kesavRectrain_4augmented_9.wav,bacon
bacon_kesavRectrain_4augmented_10.wav,bacon
bacon_kesavRectrain_4augmented_11.wav,bacon
bacon_kesavRectrain_4augmented_12.wav,bacon
bacon_kesavRectrain_4augmented_13.wav,bacon
bacon_kesavRectrain_4augmented_14.wav,bacon
bacon_kesavRectrain_4augmented_15.wav,bacon
bacon_kesavRectrain_4augmented_16.wav,bacon
bacon_kesavRectrain_4augmented_17.wav,bacon
bacon_kesavRectrain_4augmented_18.wav,bacon
bacon_kesavRectrain_4augmented_19.wav,bacon
bacon_kesavRectrain_4augmented_20.wav,bacon
bacon_kesavRectrain_4augmented_21.wav,bacon
bacon_kesavRectrain_4augmented_22.wav,bacon
bacon_kesavRectrain_4augmented_23.wav,bacon
bacon_kesavRectrain_4augmented_24.wav,bacon
bacon_kesavRectrain_5augmented_0.wav,bacon
bacon_kesavRectrain_5augmented_1.wav,bacon
bacon_kesavRectrain_5augmented_2.wav,bacon
bacon_kesavRectrain_5augmented_3.wav,bacon
bacon_kesavRectrain_5augmented_4.wav,bacon
bacon_kesavRectrain_5augmented_5.wav,bacon
bacon_kesavRectrain_5augmented_6.wav,bacon
bacon_kesavRectrain_5augmented_7.wav,bacon
bacon_kesavRectrain_5augmented_8.wav,bacon
bacon_kesavRectrain_5augmented_9.wav,bacon
bacon_kesavRectrain_5augmented_10.wav,bacon
bacon_kesavRectrain_5augmented_11.wav,bacon
bacon_kesavRectrain_5augmented_12.wav,bacon
bacon_kesavRectrain_5augmented_13.wav,bacon
bacon_kesavRectrain_5augmented_14.wav,bacon
bacon_kesavRectrain_5augmented_15.wav,bacon
bacon_kesavRectrain_5augmented_16.wav,bacon
bacon_kesavRectrain_5augmented_17.wav,bacon
bacon_kesavRectrain_5augmented_18.wav,bacon
bacon_kesavRectrain_5augmented_19.wav,bacon
bacon_kesavRectrain_5augmented_20.wav,bacon
bacon_kesavRectrain_5augmented_21.wav,bacon
bacon_kesavRectrain_5augmented_22.wav,bacon
bacon_kesavRectrain_5augmented_23.wav,bacon
bacon_kesavRectrain_5augmented_24.wav,bacon
bacon_kesavRectrain_6augmented_0.wav,bacon
bacon_kesavRectrain_6augmented_1.wav,bacon
bacon_kesavRectrain_6augmented_2.wav,bacon
bacon_kesavRectrain_6augmented_3.wav,bacon
bacon_kesavRectrain_6augmented_4.wav,bacon
bacon_kesavRectrain_6augmented_5.wav,bacon
bacon_kesavRectrain_6augmented_6.wav,bacon
bacon_kesavRectrain_6augmented_7.wav,bacon
bacon_kesavRectrain_6augmented_8.wav,bacon
bacon_kesavRectrain_6augmented_9.wav,bacon
bacon_kesavRectrain_6augmented_10.wav,bacon
bacon_kesavRectrain_6augmented_11.wav,bacon
bacon_kesavRectrain_6augmented_12.wav,bacon
bacon_kesavRectrain_6augmented_13.wav,bacon
bacon_kesavRectrain_6augmented_14.wav,bacon
bacon_kesavRectrain_6augmented_15.wav,bacon
bacon_kesavRectrain_6augmented_16.wav,bacon
bacon_kesavRectrain_6augmented_17.wav,bacon
bacon_kesavRectrain_6augmented_18.wav,bacon
bacon_kesavRectrain_6augmented_19.wav,bacon
bacon_kesavRectrain_6augmented_20.wav,bacon
bacon_kesavRectrain_6augmented_21.wav,bacon
bacon_kesavRectrain_6augmented_22.wav,bacon
bacon_kesavRectrain_6augmented_23.wav,bacon
bacon_kesavRectrain_6augmented_24.wav,bacon
bacon_kesavRectrain_7augmented_0.wav,bacon
bacon_kesavRectrain_7augmented_1.wav,bacon
bacon_kesavRectrain_7augmented_2.wav,bacon
bacon_kesavRectrain_7augmented_3.wav,bacon
bacon_kesavRectrain_7augmented_4.wav,bacon
bacon_kesavRectrain_7augmented_5.wav,bacon
bacon_kesavRectrain_7augmented_6.wav,bacon
bacon_kesavRectrain_7augmented_7.wav,bacon
bacon_kesavRectrain_7augmented_8.wav,bacon
bacon_kesavRectrain_7augmented_9.wav,bacon
bacon_kesavRectrain_7augmented_10.wav,bacon
bacon_kesavRectrain_7augmented_11.wav,bacon
bacon_kesavRectrain_7augmented_12.wav,bacon
bacon_kesavRectrain_7augmented_13.wav,bacon
bacon_kesavRectrain_7augmented_14.wav,bacon
bacon_kesavRectrain_7augmented_15.wav,bacon
bacon_kesavRectrain_7augmented_16.wav,bacon
bacon_kesavRectrain_7augmented_17.wav,bacon
bacon_kesavRectrain_7augmented_18.wav,bacon
bacon_kesavRectrain_7augmented_19.wav,bacon
bacon_kesavRectrain_7augmented_20.wav,bacon
bacon_kesavRectrain_7augmented_21.wav,bacon
bacon_kesavRectrain_7augmented_22.wav,bacon
bacon_kesavRectrain_7augmented_23.wav,bacon
bacon_kesavRectrain_7augmented_24.wav,bacon
bread_kesavRectrain_0augmented_0.wav,bread
bread_kesavRectrain_0augmented_1.wav,bread
bread_kesavRectrain_0augmented_2.wav,bread
bread_kesavRectrain_0augmented_3.wav,bread
bread_kesavRectrain_0augmented_4.wav,bread
bread_kesavRectrain_0augmented_5.wav,bread
bread_kesavRectrain_0augmented_6.wav,bread
bread_kesavRectrain_0augmented_7.wav,bread
bread_kesavRectrain_0augmented_8.wav,bread
bread_kesavRectrain_0augmented_9.wav,bread
bread_kesavRectrain_0augmented_10.wav,bread
bread_kesavRectrain_0augmented_11.wav,bread
bread_kesavRectrain_0augmented_12.wav,bread
bread_kesavRectrain_0augmented_13.wav,bread
bread_kesavRectrain_0augmented_14.wav,bread
bread_kesavRectrain_0augmented_15.wav,bread
bread_kesavRectrain_0augmented_16.wav,bread
bread_kesavRectrain_0augmented_17.wav,bread
bread_kesavRectrain_0augmented_18.wav,bread
bread_kesavRectrain_0augmented_19.wav,bread
bread_kesavRectrain_0augmented_20.wav,bread
bread_kesavRectrain_0augmented_21.wav,bread
bread_kesavRectrain_0augmented_22.wav,bread
bread_kesavRectrain_0augmented_23.wav,bread
bread_kesavRectrain_0augmented_24.wav,bread
bread_kesavRectrain_1augmented_0.wav,bread
bread_kesavRectrain_1augmented_1.wav,bread
bread_kesavRectrain_1augmented_2.wav,bread
bread_kesavRectrain_1augmented_3.wav,bread
bread_kesavRectrain_1augmented_4.wav,bread
bread_kesavRectrain_1augmented_5.wav,bread
bread_kesavRectrain_1augmented_6.wav,bread
bread_kesavRectrain_1augmented_7.wav,bread
bread_kesavRectrain_1augmented_8.wav,bread
bread_kesavRectrain_1augmented_9.wav,bread
bread_kesavRectrain_1augmented_10.wav,bread
bread_kesavRectrain_1augmented_11.wav,bread
bread_kesavRectrain_1augmented_12.wav,bread
bread_kesavRectrain_1augmented_13.wav,bread
bread_kesavRectrain_1augmented_14.wav,bread
bread_kesavRectrain_1augmented_15.wav,bread
bread_kesavRectrain_1augmented_16.wav,bread
bread_kesavRectrain_1augmented_17.wav,bread
bread_kesavRectrain_1augmented_18.wav,bread
bread_kesavRectrain_1augmented_19.wav,bread
bread_kesavRectrain_1augmented_20.wav,bread
bread_kesavRectrain_1augmented_21.wav,bread
bread_kesavRectrain_1augmented_22.wav,bread
bread_kesavRectrain_1augmented_23.wav,bread
bread_kesavRectrain_1augmented_24.wav,bread
bread_kesavRectrain_2augmented_0.wav,bread
bread_kesavRectrain_2augmented_1.wav,bread
bread_kesavRectrain_2augmented_2.wav,bread
bread_kesavRectrain_2augmented_3.wav,bread
bread_kesavRectrain_2augmented_4.wav,bread
bread_kesavRectrain_2augmented_5.wav,bread
bread_kesavRectrain_2augmented_6.wav,bread
bread_kesavRectrain_2augmented_7.wav,bread
bread_kesavRectrain_2augmented_8.wav,bread
bread_kesavRectrain_2augmented_9.wav,bread
bread_kesavRectrain_2augmented_10.wav,bread
bread_kesavRectrain_2augmented_11.wav,bread
bread_kesavRectrain_2augmented_12.wav,bread
bread_kesavRectrain_2augmented_13.wav,bread
bread_kesavRectrain_2augmented_14.wav,bread
bread_kesavRectrain_2augmented_15.wav,bread
bread_kesavRectrain_2augmented_16.wav,bread
bread_kesavRectrain_2augmented_17.wav,bread
bread_kesavRectrain_2augmented_18.wav,bread
bread_kesavRectrain_2augmented_19.wav,bread
bread_kesavRectrain_2augmented_20.wav,bread
bread_kesavRectrain_2augmented_21.wav,bread
bread_kesavRectrain_2augmented_22.wav,bread
bread_kesavRectrain_2augmented_23.wav,bread
bread_kesavRectrain_2augmented_24.wav,bread
bread_kesavRectrain_3augmented_0.wav,bread
bread_kesavRectrain_3augmented_1.wav,bread
bread_kesavRectrain_3augmented_2.wav,bread
bread_kesavRectrain_3augmented_3.wav,bread
bread_kesavRectrain_3augmented_4.wav,bread
bread_kesavRectrain_3augmented_5.wav,bread
bread_kesavRectrain_3augmented_6.wav,bread
bread_kesavRectrain_3augmented_7.wav,bread
bread_kesavRectrain_3augmented_8.wav,bread
bread_kesavRectrain_3augmented_9.wav,bread
bread_kesavRectrain_3augmented_10.wav,bread
bread_kesavRectrain_3augmented_11.wav,bread
bread_kesavRectrain_3augmented_12.wav,bread
bread_kesavRectrain_3augmented_13.wav,bread
bread_kesavRectrain_3augmented_14.wav,bread
bread_kesavRectrain_3augmented_15.wav,bread
bread_kesavRectrain_3augmented_16.wav,bread
bread_kesavRectrain_3augmented_17.wav,bread
bread_kesavRectrain_3augmented_18.wav,bread
bread_kesavRectrain_3augmented_19.wav,bread
bread_kesavRectrain_3augmented_20.wav,bread
bread_kesavRectrain_3augmented_21.wav,bread
bread_kesavRectrain_3augmented_22.wav,bread
bread_kesavRectrain_3augmented_23.wav,bread
bread_kesavRectrain_3augmented_24.wav,bread
bread_kesavRectrain_4augmented_0.wav,bread
bread_kesavRectrain_4augmented_1.wav,bread
bread_kesavRectrain_4augmented_2.wav,bread
bread_kesavRectrain_4augmented_3.wav,bread
bread_kesavRectrain_4augmented_4.wav,bread
bread_kesavRectrain_4augmented_5.wav,bread
bread_kesavRectrain_4augmented_6.wav,bread
bread_kesavRectrain_4augmented_7.wav,bread
bread_kesavRectrain_4augmented_8.wav,bread
bread_kesavRectrain_4augmented_9.wav,bread
bread_kesavRectrain_4augmented_10.wav,bread
bread_kesavRectrain_4augmented_11.wav,bread
bread_kesavRectrain_4augmented_12.wav,bread
bread_kesavRectrain_4augmented_13.wav,bread
bread_kesavRectrain_4augmented_14.wav,bread
bread_kesavRectrain_4augmented_15.wav,bread
bread_kesavRectrain_4augmented_16.wav,bread
bread_kesavRectrain_4augmented_17.wav,bread
bread_kesavRectrain_4augmented_18.wav,bread
bread_kesavRectrain_4augmented_19.wav,bread
bread_kesavRectrain_4augmented_20.wav,bread
bread_kesavRectrain_4augmented_21.wav,bread
bread_kesavRectrain_4augmented_22.wav,bread
bread_kesavRectrain_4augmented_23.wav,bread
bread_kesavRectrain_4augmented_24.wav,bread
bread_kesavRectrain_5augmented_0.wav,bread
bread_kesavRectrain_5augmented_1.wav,bread
bread_kesavRectrain_5augmented_2.wav,bread
bread_kesavRectrain_5augmented_3.wav,bread
bread_kesavRectrain_5augmented_4.wav,bread
bread_kesavRectrain_5augmented_5.wav,bread
bread_kesavRectrain_5augmented_6.wav,bread
bread_kesavRectrain_5augmented_7.wav,bread
bread_kesavRectrain_5augmented_8.wav,bread
bread_kesavRectrain_5augmented_9.wav,bread
bread_kesavRectrain_5augmented_10.wav,bread
bread_kesavRectrain_5augmented_11.wav,bread
bread_kesavRectrain_5augmented_12.wav,bread
bread_kesavRectrain_5augmented_13.wav,bread
bread_kesavRectrain_5augmented_14.wav,bread
bread_kesavRectrain_5augmented_15.wav,bread
bread_kesavRectrain_5augmented_16.wav,bread
bread_kesavRectrain_5augmented_17.wav,bread
bread_kesavRectrain_5augmented_18.wav,bread
bread_kesavRectrain_5augmented_19.wav,bread
bread_kesavRectrain_5augmented_20.wav,bread
bread_kesavRectrain_5augmented_21.wav,bread
bread_kesavRectrain_5augmented_22.wav,bread
bread_kesavRectrain_5augmented_23.wav,bread
bread_kesavRectrain_5augmented_24.wav,bread
bread_kesavRectrain_6augmented_0.wav,bread
bread_kesavRectrain_6augmented_1.wav,bread
bread_kesavRectrain_6augmented_2.wav,bread
bread_kesavRectrain_6augmented_3.wav,bread
bread_kesavRectrain_6augmented_4.wav,bread
bread_kesavRectrain_6augmented_5.wav,bread
bread_kesavRectrain_6augmented_6.wav,bread
bread_kesavRectrain_6augmented_7.wav,bread
bread_kesavRectrain_6augmented_8.wav,bread
bread_kesavRectrain_6augmented_9.wav,bread
bread_kesavRectrain_6augmented_10.wav,bread
bread_kesavRectrain_6augmented_11.wav,bread
bread_kesavRectrain_6augmented_12.wav,bread
bread_kesavRectrain_6augmented_13.wav,bread
bread_kesavRectrain_6augmented_14.wav,bread
bread_kesavRectrain_6augmented_15.wav,bread
bread_kesavRectrain_6augmented_16.wav,bread
bread_kesavRectrain_6augmented_17.wav,bread
bread_kesavRectrain_6augmented_18.wav,bread
bread_kesavRectrain_6augmented_19.wav,bread
bread_kesavRectrain_6augmented_20.wav,bread
bread_kesavRectrain_6augmented_21.wav,bread
bread_kesavRectrain_6augmented_22.wav,bread
bread_kesavRectrain_6augmented_23.wav,bread
bread_kesavRectrain_6augmented_24.wav,bread
bread_kesavRectrain_7augmented_0.wav,bread
bread_kesavRectrain_7augmented_1.wav,bread
bread_kesavRectrain_7augmented_2.wav,bread
bread_kesavRectrain_7augmented_3.wav,bread
bread_kesavRectrain_7augmented_4.wav,bread
bread_kesavRectrain_7augmented_5.wav,bread
bread_kesavRectrain_7augmented_6.wav,bread
bread_kesavRectrain_7augmented_7.wav,bread
bread_kesavRectrain_7augmented_8.wav,bread
bread_kesavRectrain_7augmented_9.wav,bread
bread_kesavRectrain_7augmented_10.wav,bread
bread_kesavRectrain_7augmented_11.wav,bread
bread_kesavRectrain_7augmented_12.wav,bread
bread_kesavRectrain_7augmented_13.wav,bread
bread_kesavRectrain_7augmented_14.wav,bread
bread_kesavRectrain_7augmented_15.wav,bread
bread_kesavRectrain_7augmented_16.wav,bread
bread_kesavRectrain_7augmented_17.wav,bread
bread_kesavRectrain_7augmented_18.wav,bread
bread_kesavRectrain_7augmented_19.wav,bread
bread_kesavRectrain_7augmented_20.wav,bread
bread_kesavRectrain_7augmented_21.wav,bread
bread_kesavRectrain_7augmented_22.wav,bread
bread_kesavRectrain_7augmented_23.wav,bread
bread_kesavRectrain_7augmented_24.wav,bread
broccoli_kesavRectrain_0augmented_0.wav,broccoli
broccoli_kesavRectrain_0augmented_1.wav,broccoli
broccoli_kesavRectrain_0augmented_2.wav,broccoli
broccoli_kesavRectrain_0augmented_3.wav,broccoli
broccoli_kesavRectrain_0augmented_4.wav,broccoli
broccoli_kesavRectrain_0augmented_5.wav,broccoli
broccoli_kesavRectrain_0augmented_6.wav,broccoli
broccoli_kesavRectrain_0augmented_7.wav,broccoli
broccoli_kesavRectrain_0augmented_8.wav,broccoli
broccoli_kesavRectrain_0augmented_9.wav,broccoli
broccoli_kesavRectrain_0augmented_10.wav,broccoli
broccoli_kesavRectrain_0augmented_11.wav,broccoli
broccoli_kesavRectrain_0augmented_12.wav,broccoli
broccoli_kesavRectrain_0augmented_13.wav,broccoli
broccoli_kesavRectrain_0augmented_14.wav,broccoli
broccoli_kesavRectrain_0augmented_15.wav,broccoli
broccoli_kesavRectrain_0augmented_16.wav,broccoli
broccoli_kesavRectrain_0augmented_17.wav,broccoli
broccoli_kesavRectrain_0augmented_18.wav,broccoli
broccoli_kesavRectrain_0augmented_19.wav,broccoli
broccoli_kesavRectrain_0augmented_20.wav,broccoli
broccoli_kesavRectrain_0augmented_21.wav,broccoli
broccoli_kesavRectrain_0augmented_22.wav,broccoli
broccoli_kesavRectrain_0augmented_23.wav,broccoli
broccoli_kesavRectrain_0augmented_24.wav,broccoli
broccoli_kesavRectrain_1augmented_0.wav,broccoli
broccoli_kesavRectrain_1augmented_1.wav,broccoli
broccoli_kesavRectrain_1augmented_2.wav,broccoli
broccoli_kesavRectrain_1augmented_3.wav,broccoli
broccoli_kesavRectrain_1augmented_4.wav,broccoli
broccoli_kesavRectrain_1augmented_5.wav,broccoli
broccoli_kesavRectrain_1augmented_6.wav,broccoli
broccoli_kesavRectrain_1augmented_7.wav,broccoli
broccoli_kesavRectrain_1augmented_8.wav,broccoli
broccoli_kesavRectrain_1augmented_9.wav,broccoli
broccoli_kesavRectrain_1augmented_10.wav,broccoli
broccoli_kesavRectrain_1augmented_11.wav,broccoli
broccoli_kesavRectrain_1augmented_12.wav,broccoli
broccoli_kesavRectrain_1augmented_13.wav,broccoli
broccoli_kesavRectrain_1augmented_14.wav,broccoli
broccoli_kesavRectrain_1augmented_15.wav,broccoli
broccoli_kesavRectrain_1augmented_16.wav,broccoli
broccoli_kesavRectrain_1augmented_17.wav,broccoli
broccoli_kesavRectrain_1augmented_18.wav,broccoli
broccoli_kesavRectrain_1augmented_19.wav,broccoli
broccoli_kesavRectrain_1augmented_20.wav,broccoli
broccoli_kesavRectrain_1augmented_21.wav,broccoli
broccoli_kesavRectrain_1augmented_22.wav,broccoli
broccoli_kesavRectrain_1augmented_23.wav,broccoli
broccoli_kesavRectrain_1augmented_24.wav,broccoli
broccoli_kesavRectrain_2augmented_0.wav,broccoli
broccoli_kesavRectrain_2augmented_1.wav,broccoli
broccoli_kesavRectrain_2augmented_2.wav,broccoli
broccoli_kesavRectrain_2augmented_3.wav,broccoli
broccoli_kesavRectrain_2augmented_4.wav,broccoli
broccoli_kesavRectrain_2augmented_5.wav,broccoli
broccoli_kesavRectrain_2augmented_6.wav,broccoli
broccoli_kesavRectrain_2augmented_7.wav,broccoli
broccoli_kesavRectrain_2augmented_8.wav,broccoli
broccoli_kesavRectrain_2augmented_9.wav,broccoli
broccoli_kesavRectrain_2augmented_10.wav,broccoli
broccoli_kesavRectrain_2augmented_11.wav,broccoli
broccoli_kesavRectrain_2augmented_12.wav,broccoli
broccoli_kesavRectrain_2augmented_13.wav,broccoli
broccoli_kesavRectrain_2augmented_14.wav,broccoli
broccoli_kesavRectrain_2augmented_15.wav,broccoli
broccoli_kesavRectrain_2augmented_16.wav,broccoli
broccoli_kesavRectrain_2augmented_17.wav,broccoli
broccoli_kesavRectrain_2augmented_18.wav,broccoli
broccoli_kesavRectrain_2augmented_19.wav,broccoli
broccoli_kesavRectrain_2augmented_20.wav,broccoli
broccoli_kesavRectrain_2augmented_21.wav,broccoli
broccoli_kesavRectrain_2augmented_22.wav,broccoli
broccoli_kesavRectrain_2augmented_23.wav,broccoli
broccoli_kesavRectrain_2augmented_24.wav,broccoli
broccoli_kesavRectrain_3augmented_0.wav,broccoli
broccoli_kesavRectrain_3augmented_1.wav,broccoli
broccoli_kesavRectrain_3augmented_2.wav,broccoli
broccoli_kesavRectrain_3augmented_3.wav,broccoli
broccoli_kesavRectrain_3augmented_4.wav,broccoli
broccoli_kesavRectrain_3augmented_5.wav,broccoli
broccoli_kesavRectrain_3augmented_6.wav,broccoli
broccoli_kesavRectrain_3augmented_7.wav,broccoli
broccoli_kesavRectrain_3augmented_8.wav,broccoli
broccoli_kesavRectrain_3augmented_9.wav,broccoli
broccoli_kesavRectrain_3augmented_10.wav,broccoli
broccoli_kesavRectrain_3augmented_11.wav,broccoli
broccoli_kesavRectrain_3augmented_12.wav,broccoli
broccoli_kesavRectrain_3augmented_13.wav,broccoli
broccoli_kesavRectrain_3augmented_14.wav,broccoli
broccoli_kesavRectrain_3augmented_15.wav,broccoli
broccoli_kesavRectrain_3augmented_16.wav,broccoli
broccoli_kesavRectrain_3augmented_17.wav,broccoli
broccoli_kesavRectrain_3augmented_18.wav,broccoli
broccoli_kesavRectrain_3augmented_19.wav,broccoli
broccoli_kesavRectrain_3augmented_20.wav,broccoli
broccoli_kesavRectrain_3augmented_21.wav,broccoli
broccoli_kesavRectrain_3augmented_22.wav,broccoli
broccoli_kesavRectrain_3augmented_23.wav,broccoli
broccoli_kesavRectrain_3augmented_24.wav,broccoli
broccoli_kesavRectrain_4augmented_0.wav,broccoli
broccoli_kesavRectrain_4augmented_1.wav,broccoli
broccoli_kesavRectrain_4augmented_2.wav,broccoli
broccoli_kesavRectrain_4augmented_3.wav,broccoli
broccoli_kesavRectrain_4augmented_4.wav,broccoli
broccoli_kesavRectrain_4augmented_5.wav,broccoli
broccoli_kesavRectrain_4augmented_6.wav,broccoli
broccoli_kesavRectrain_4augmented_7.wav,broccoli
broccoli_kesavRectrain_4augmented_8.wav,broccoli
broccoli_kesavRectrain_4augmented_9.wav,broccoli
broccoli_kesavRectrain_4augmented_10.wav,broccoli
broccoli_kesavRectrain_4augmented_11.wav,broccoli
broccoli_kesavRectrain_4augmented_12.wav,broccoli
broccoli_kesavRectrain_4augmented_13.wav,broccoli
broccoli_kesavRectrain_4augmented_14.wav,broccoli
broccoli_kesavRectrain_4augmented_15.wav,broccoli
broccoli_kesavRectrain_4augmented_16.wav,broccoli
broccoli_kesavRectrain_4augmented_17.wav,broccoli
broccoli_kesavRectrain_4augmented_18.wav,broccoli
broccoli_kesavRectrain_4augmented_19.wav,broccoli
broccoli_kesavRectrain_4augmented_20.wav,broccoli
broccoli_kesavRectrain_4augmented_21.wav,broccoli
broccoli_kesavRectrain_4augmented_22.wav,broccoli
broccoli_kesavRectrain_4augmented_23.wav,broccoli
broccoli_kesavRectrain_4augmented_24.wav,broccoli
broccoli_kesavRectrain_5augmented_0.wav,broccoli
broccoli_kesavRectrain_5augmented_1.wav,broccoli
broccoli_kesavRectrain_5augmented_2.wav,broccoli
broccoli_kesavRectrain_5augmented_3.wav,broccoli
broccoli_kesavRectrain_5augmented_4.wav,broccoli
broccoli_kesavRectrain_5augmented_5.wav,broccoli
broccoli_kesavRectrain_5augmented_6.wav,broccoli
broccoli_kesavRectrain_5augmented_7.wav,broccoli
broccoli_kesavRectrain_5augmented_8.wav,broccoli
broccoli_kesavRectrain_5augmented_9.wav,broccoli
broccoli_kesavRectrain_5augmented_10.wav,broccoli
broccoli_kesavRectrain_5augmented_11.wav,broccoli
broccoli_kesavRectrain_5augmented_12.wav,broccoli
broccoli_kesavRectrain_5augmented_13.wav,broccoli
broccoli_kesavRectrain_5augmented_14.wav,broccoli
broccoli_kesavRectrain_5augmented_15.wav,broccoli
broccoli_kesavRectrain_5augmented_16.wav,broccoli
broccoli_kesavRectrain_5augmented_17.wav,broccoli
broccoli_kesavRectrain_5augmented_18.wav,broccoli
broccoli_kesavRectrain_5augmented_19.wav,broccoli
broccoli_kesavRectrain_5augmented_20.wav,broccoli
broccoli_kesavRectrain_5augmented_21.wav,broccoli
broccoli_kesavRectrain_5augmented_22.wav,broccoli
broccoli_kesavRectrain_5augmented_23.wav,broccoli
broccoli_kesavRectrain_5augmented_24.wav,broccoli
broccoli_kesavRectrain_6augmented_0.wav,broccoli
broccoli_kesavRectrain_6augmented_1.wav,broccoli
broccoli_kesavRectrain_6augmented_2.wav,broccoli
broccoli_kesavRectrain_6augmented_3.wav,broccoli
broccoli_kesavRectrain_6augmented_4.wav,broccoli
broccoli_kesavRectrain_6augmented_5.wav,broccoli
broccoli_kesavRectrain_6augmented_6.wav,broccoli
broccoli_kesavRectrain_6augmented_7.wav,broccoli
broccoli_kesavRectrain_6augmented_8.wav,broccoli
broccoli_kesavRectrain_6augmented_9.wav,broccoli
broccoli_kesavRectrain_6augmented_10.wav,broccoli
broccoli_kesavRectrain_6augmented_11.wav,broccoli
broccoli_kesavRectrain_6augmented_12.wav,broccoli
broccoli_kesavRectrain_6augmented_13.wav,broccoli
broccoli_kesavRectrain_6augmented_14.wav,broccoli
broccoli_kesavRectrain_6augmented_15.wav,broccoli
broccoli_kesavRectrain_6augmented_16.wav,broccoli
broccoli_kesavRectrain_6augmented_17.wav,broccoli
broccoli_kesavRectrain_6augmented_18.wav,broccoli
broccoli_kesavRectrain_6augmented_19.wav,broccoli
broccoli_kesavRectrain_6augmented_20.wav,broccoli
broccoli_kesavRectrain_6augmented_21.wav,broccoli
broccoli_kesavRectrain_6augmented_22.wav,broccoli
broccoli_kesavRectrain_6augmented_23.wav,broccoli
broccoli_kesavRectrain_6augmented_24.wav,broccoli
broccoli_kesavRectrain_7augmented_0.wav,broccoli
broccoli_kesavRectrain_7augmented_1.wav,broccoli
broccoli_kesavRectrain_7augmented_2.wav,broccoli
broccoli_kesavRectrain_7augmented_3.wav,broccoli
broccoli_kesavRectrain_7augmented_4.wav,broccoli
broccoli_kesavRectrain_7augmented_5.wav,broccoli
broccoli_kesavRectrain_7augmented_6.wav,broccoli
broccoli_kesavRectrain_7augmented_7.wav,broccoli
broccoli_kesavRectrain_7augmented_8.wav,broccoli
broccoli_kesavRectrain_7augmented_9.wav,broccoli
broccoli_kesavRectrain_7augmented_10.wav,broccoli
broccoli_kesavRectrain_7augmented_11.wav,broccoli
broccoli_kesavRectrain_7augmented_12.wav,broccoli
broccoli_kesavRectrain_7augmented_13.wav,broccoli
broccoli_kesavRectrain_7augmented_14.wav,broccoli
broccoli_kesavRectrain_7augmented_15.wav,broccoli
broccoli_kesavRectrain_7augmented_16.wav,broccoli
broccoli_kesavRectrain_7augmented_17.wav,broccoli
broccoli_kesavRectrain_7augmented_18.wav,broccoli
broccoli_kesavRectrain_7augmented_19.wav,broccoli
broccoli_kesavRectrain_7augmented_20.wav,broccoli
broccoli_kesavRectrain_7augmented_21.wav,broccoli
broccoli_kesavRectrain_7augmented_22.wav,broccoli
broccoli_kesavRectrain_7augmented_23.wav,broccoli
broccoli_kesavRectrain_7augmented_24.wav,broccoli
chicken_kesavRectrain_0augmented_0.wav,chicken
chicken_kesavRectrain_0augmented_1.wav,chicken
chicken_kesavRectrain_0augmented_2.wav,chicken
chicken_kesavRectrain_0augmented_3.wav,chicken
chicken_kesavRectrain_0augmented_4.wav,chicken
chicken_kesavRectrain_0augmented_5.wav,chicken
chicken_kesavRectrain_0augmented_6.wav,chicken
chicken_kesavRectrain_0augmented_7.wav,chicken
chicken_kesavRectrain_0augmented_8.wav,chicken
chicken_kesavRectrain_0augmented_9.wav,chicken
chicken_kesavRectrain_0augmented_10.wav,chicken
chicken_kesavRectrain_0augmented_11.wav,chicken
chicken_kesavRectrain_0augmented_12.wav,chicken
chicken_kesavRectrain_0augmented_13.wav,chicken
chicken_kesavRectrain_0augmented_14.wav,chicken
chicken_kesavRectrain_0augmented_15.wav,chicken
chicken_kesavRectrain_0augmented_16.wav,chicken
chicken_kesavRectrain_0augmented_17.wav,chicken
chicken_kesavRectrain_0augmented_18.wav,chicken
chicken_kesavRectrain_0augmented_19.wav,chicken
chicken_kesavRectrain_0augmented_20.wav,chicken
chicken_kesavRectrain_0augmented_21.wav,chicken
chicken_kesavRectrain_0augmented_22.wav,chicken
chicken_kesavRectrain_0augmented_23.wav,chicken
chicken_kesavRectrain_0augmented_24.wav,chicken
chicken_kesavRectrain_1augmented_0.wav,chicken
chicken_kesavRectrain_1augmented_1.wav,chicken
chicken_kesavRectrain_1augmented_2.wav,chicken
chicken_kesavRectrain_1augmented_3.wav,chicken
chicken_kesavRectrain_1augmented_4.wav,chicken
chicken_kesavRectrain_1augmented_5.wav,chicken
chicken_kesavRectrain_1augmented_6.wav,chicken
chicken_kesavRectrain_1augmented_7.wav,chicken
chicken_kesavRectrain_1augmented_8.wav,chicken
chicken_kesavRectrain_1augmented_9.wav,chicken
chicken_kesavRectrain_1augmented_10.wav,chicken
chicken_kesavRectrain_1augmented_11.wav,chicken
chicken_kesavRectrain_1augmented_12.wav,chicken
chicken_kesavRectrain_1augmented_13.wav,chicken
chicken_kesavRectrain_1augmented_14.wav,chicken
chicken_kesavRectrain_1augmented_15.wav,chicken
chicken_kesavRectrain_1augmented_16.wav,chicken
chicken_kesavRectrain_1augmented_17.wav,chicken
chicken_kesavRectrain_1augmented_18.wav,chicken
chicken_kesavRectrain_1augmented_19.wav,chicken
chicken_kesavRectrain_1augmented_20.wav,chicken
chicken_kesavRectrain_1augmented_21.wav,chicken
chicken_kesavRectrain_1augmented_22.wav,chicken
chicken_kesavRectrain_1augmented_23.wav,chicken
chicken_kesavRectrain_1augmented_24.wav,chicken
chicken_kesavRectrain_2augmented_0.wav,chicken
chicken_kesavRectrain_2augmented_1.wav,chicken
chicken_kesavRectrain_2augmented_2.wav,chicken
chicken_kesavRectrain_2augmented_3.wav,chicken
chicken_kesavRectrain_2augmented_4.wav,chicken
chicken_kesavRectrain_2augmented_5.wav,chicken
chicken_kesavRectrain_2augmented_6.wav,chicken
chicken_kesavRectrain_2augmented_7.wav,chicken
chicken_kesavRectrain_2augmented_8.wav,chicken
chicken_kesavRectrain_2augmented_9.wav,chicken
chicken_kesavRectrain_2augmented_10.wav,chicken
chicken_kesavRectrain_2augmented_11.wav,chicken
chicken_kesavRectrain_2augmented_12.wav,chicken
chicken_kesavRectrain_2augmented_13.wav,chicken
chicken_kesavRectrain_2augmented_14.wav,chicken
chicken_kesavRectrain_2augmented_15.wav,chicken
chicken_kesavRectrain_2augmented_16.wav,chicken
chicken_kesavRectrain_2augmented_17.wav,chicken
chicken_kesavRectrain_2augmented_18.wav,chicken
chicken_kesavRectrain_2augmented_19.wav,chicken
chicken_kesavRectrain_2augmented_20.wav,chicken
chicken_kesavRectrain_2augmented_21.wav,chicken
chicken_kesavRectrain_2augmented_22.wav,chicken
chicken_kesavRectrain_2augmented_23.wav,chicken
chicken_kesavRectrain_2augmented_24.wav,chicken
chicken_kesavRectrain_3augmented_0.wav,chicken
chicken_kesavRectrain_3augmented_1.wav,chicken
chicken_kesavRectrain_3augmented_2.wav,chicken
chicken_kesavRectrain_3augmented_3.wav,chicken
chicken_kesavRectrain_3augmented_4.wav,chicken
chicken_kesavRectrain_3augmented_5.wav,chicken
chicken_kesavRectrain_3augmented_6.wav,chicken
chicken_kesavRectrain_3augmented_7.wav,chicken
chicken_kesavRectrain_3augmented_8.wav,chicken
chicken_kesavRectrain_3augmented_9.wav,chicken
chicken_kesavRectrain_3augmented_10.wav,chicken
chicken_kesavRectrain_3augmented_11.wav,chicken
chicken_kesavRectrain_3augmented_12.wav,chicken
chicken_kesavRectrain_3augmented_13.wav,chicken
chicken_kesavRectrain_3augmented_14.wav,chicken
chicken_kesavRectrain_3augmented_15.wav,chicken
chicken_kesavRectrain_3augmented_16.wav,chicken
chicken_kesavRectrain_3augmented_17.wav,chicken
chicken_kesavRectrain_3augmented_18.wav,chicken
chicken_kesavRectrain_3augmented_19.wav,chicken
chicken_kesavRectrain_3augmented_20.wav,chicken
chicken_kesavRectrain_3augmented_21.wav,chicken
chicken_kesavRectrain_3augmented_22.wav,chicken
chicken_kesavRectrain_3augmented_23.wav,chicken
chicken_kesavRectrain_3augmented_24.wav,chicken
chicken_kesavRectrain_4augmented_0.wav,chicken
chicken_kesavRectrain_4augmented_1.wav,chicken
chicken_kesavRectrain_4augmented_2.wav,chicken
chicken_kesavRectrain_4augmented_3.wav,chicken
chicken_kesavRectrain_4augmented_4.wav,chicken
chicken_kesavRectrain_4augmented_5.wav,chicken
chicken_kesavRectrain_4augmented_6.wav,chicken
chicken_kesavRectrain_4augmented_7.wav,chicken
chicken_kesavRectrain_4augmented_8.wav,chicken
chicken_kesavRectrain_4augmented_9.wav,chicken
chicken_kesavRectrain_4augmented_10.wav,chicken
chicken_kesavRectrain_4augmented_11.wav,chicken
chicken_kesavRectrain_4augmented_12.wav,chicken
chicken_kesavRectrain_4augmented_13.wav,chicken
chicken_kesavRectrain_4augmented_14.wav,chicken
chicken_kesavRectrain_4augmented_15.wav,chicken
chicken_kesavRectrain_4augmented_16.wav,chicken
chicken_kesavRectrain_4augmented_17.wav,chicken
chicken_kesavRectrain_4augmented_18.wav,chicken
chicken_kesavRectrain_4augmented_19.wav,chicken
chicken_kesavRectrain_4augmented_20.wav,chicken
chicken_kesavRectrain_4augmented_21.wav,chicken
chicken_kesavRectrain_4augmented_22.wav,chicken
chicken_kesavRectrain_4augmented_23.wav,chicken
chicken_kesavRectrain_4augmented_24.wav,chicken
chicken_kesavRectrain_5augmented_0.wav,chicken
chicken_kesavRectrain_5augmented_1.wav,chicken
chicken_kesavRectrain_5augmented_2.wav,chicken
chicken_kesavRectrain_5augmented_3.wav,chicken
chicken_kesavRectrain_5augmented_4.wav,chicken
chicken_kesavRectrain_5augmented_5.wav,chicken
chicken_kesavRectrain_5augmented_6.wav,chicken
chicken_kesavRectrain_5augmented_7.wav,chicken
chicken_kesavRectrain_5augmented_8.wav,chicken
chicken_kesavRectrain_5augmented_9.wav,chicken
chicken_kesavRectrain_5augmented_10.wav,chicken
chicken_kesavRectrain_5augmented_11.wav,chicken
chicken_kesavRectrain_5augmented_12.wav,chicken
chicken_kesavRectrain_5augmented_13.wav,chicken
chicken_kesavRectrain_5augmented_14.wav,chicken
chicken_kesavRectrain_5augmented_15.wav,chicken
chicken_kesavRectrain_5augmented_16.wav,chicken
chicken_kesavRectrain_5augmented_17.wav,chicken
chicken_kesavRectrain_5augmented_18.wav,chicken
chicken_kesavRectrain_5augmented_19.wav,chicken
chicken_kesavRectrain_5augmented_20.wav,chicken
chicken_kesavRectrain_5augmented_21.wav,chicken
chicken_kesavRectrain_5augmented_22.wav,chicken
chicken_kesavRectrain_5augmented_23.wav,chicken
chicken_kesavRectrain_5augmented_24.wav,chicken
chicken_kesavRectrain_6augmented_0.wav,chicken
chicken_kesavRectrain_6augmented_1.wav,chicken
chicken_kesavRectrain_6augmented_2.wav,chicken
chicken_kesavRectrain_6augmented_3.wav,chicken
chicken_kesavRectrain_6augmented_4.wav,chicken
chicken_kesavRectrain_6augmented_5.wav,chicken
chicken_kesavRectrain_6augmented_6.wav,chicken
chicken_kesavRectrain_6augmented_7.wav,chicken
chicken_kesavRectrain_6augmented_8.wav,chicken
chicken_kesavRectrain_6augmented_9.wav,chicken
chicken_kesavRectrain_6augmented_10.wav,chicken
chicken_kesavRectrain_6augmented_11.wav,chicken
chicken_kesavRectrain_6augmented_12.wav,chicken
chicken_kesavRectrain_6augmented_13.wav,chicken
chicken_kesavRectrain_6augmented_14.wav,chicken
chicken_kesavRectrain_6augmented_15.wav,chicken
chicken_kesavRectrain_6augmented_16.wav,chicken
chicken_kesavRectrain_6augmented_17.wav,chicken
chicken_kesavRectrain_6augmented_18.wav,chicken
chicken_kesavRectrain_6augmented_19.wav,chicken
chicken_kesavRectrain_6augmented_20.wav,chicken
chicken_kesavRectrain_6augmented_21.wav,chicken
chicken_kesavRectrain_6augmented_22.wav,chicken
chicken_kesavRectrain_6augmented_23.wav,chicken
chicken_kesavRectrain_6augmented_24.wav,chicken
chicken_kesavRectrain_7augmented_0.wav,chicken
chicken_kesavRectrain_7augmented_1.wav,chicken
chicken_kesavRectrain_7augmented_2.wav,chicken
chicken_kesavRectrain_7augmented_3.wav,chicken
chicken_kesavRectrain_7augmented_4.wav,chicken
chicken_kesavRectrain_7augmented_5.wav,chicken
chicken_kesavRectrain_7augmented_6.wav,chicken
chicken_kesavRectrain_7augmented_7.wav,chicken
chicken_kesavRectrain_7augmented_8.wav,chicken
chicken_kesavRectrain_7augmented_9.wav,chicken
chicken_kesavRectrain_7augmented_10.wav,chicken
chicken_kesavRectrain_7augmented_11.wav,chicken
chicken_kesavRectrain_7augmented_12.wav,chicken
chicken_kesavRectrain_7augmented_13.wav,chicken
chicken_kesavRectrain_7augmented_14.wav,chicken
chicken_kesavRectrain_7augmented_15.wav,chicken
chicken_kesavRectrain_7augmented_16.wav,chicken
chicken_kesavRectrain_7augmented_17.wav,chicken
chicken_kesavRectrain_7augmented_18.wav,chicken
chicken_kesavRectrain_7augmented_19.wav,chicken
chicken_kesavRectrain_7augmented_20.wav,chicken
chicken_kesavRectrain_7augmented_21.wav,chicken
chicken_kesavRectrain_7augmented_22.wav,chicken
chicken_kesavRectrain_7augmented_23.wav,chicken
chicken_kesavRectrain_7augmented_24.wav,chicken
egg_kesavRectrain_0augmented_0.wav,egg
egg_kesavRectrain_0augmented_1.wav,egg
egg_kesavRectrain_0augmented_2.wav,egg
egg_kesavRectrain_0augmented_3.wav,egg
egg_kesavRectrain_0augmented_4.wav,egg
egg_kesavRectrain_0augmented_5.wav,egg
egg_kesavRectrain_0augmented_6.wav,egg
egg_kesavRectrain_0augmented_7.wav,egg
egg_kesavRectrain_0augmented_8.wav,egg
egg_kesavRectrain_0augmented_9.wav,egg
egg_kesavRectrain_0augmented_10.wav,egg
egg_kesavRectrain_0augmented_11.wav,egg
egg_kesavRectrain_0augmented_12.wav,egg
egg_kesavRectrain_0augmented_13.wav,egg
egg_kesavRectrain_0augmented_14.wav,egg
egg_kesavRectrain_0augmented_15.wav,egg
egg_kesavRectrain_0augmented_16.wav,egg
egg_kesavRectrain_0augmented_17.wav,egg
egg_kesavRectrain_0augmented_18.wav,egg
egg_kesavRectrain_0augmented_19.wav,egg
egg_kesavRectrain_0augmented_20.wav,egg
egg_kesavRectrain_0augmented_21.wav,egg
egg_kesavRectrain_0augmented_22.wav,egg
egg_kesavRectrain_0augmented_23.wav,egg
egg_kesavRectrain_0augmented_24.wav,egg
egg_kesavRectrain_1augmented_0.wav,egg
egg_kesavRectrain_1augmented_1.wav,egg
egg_kesavRectrain_1augmented_2.wav,egg
egg_kesavRectrain_1augmented_3.wav,egg
egg_kesavRectrain_1augmented_4.wav,egg
egg_kesavRectrain_1augmented_5.wav,egg
egg_kesavRectrain_1augmented_6.wav,egg
egg_kesavRectrain_1augmented_7.wav,egg
egg_kesavRectrain_1augmented_8.wav,egg
egg_kesavRectrain_1augmented_9.wav,egg
egg_kesavRectrain_1augmented_10.wav,egg
egg_kesavRectrain_1augmented_11.wav,egg
egg_kesavRectrain_1augmented_12.wav,egg
egg_kesavRectrain_1augmented_13.wav,egg
egg_kesavRectrain_1augmented_14.wav,egg
egg_kesavRectrain_1augmented_15.wav,egg
egg_kesavRectrain_1augmented_16.wav,egg
egg_kesavRectrain_1augmented_17.wav,egg
egg_kesavRectrain_1augmented_18.wav,egg
egg_kesavRectrain_1augmented_19.wav,egg
egg_kesavRectrain_1augmented_20.wav,egg
egg_kesavRectrain_1augmented_21.wav,egg
egg_kesavRectrain_1augmented_22.wav,egg
egg_kesavRectrain_1augmented_23.wav,egg
egg_kesavRectrain_1augmented_24.wav,egg
egg_kesavRectrain_2augmented_0.wav,egg
egg_kesavRectrain_2augmented_1.wav,egg
egg_kesavRectrain_2augmented_2.wav,egg
egg_kesavRectrain_2augmented_3.wav,egg
egg_kesavRectrain_2augmented_4.wav,egg
egg_kesavRectrain_2augmented_5.wav,egg
egg_kesavRectrain_2augmented_6.wav,egg
egg_kesavRectrain_2augmented_7.wav,egg
egg_kesavRectrain_2augmented_8.wav,egg
egg_kesavRectrain_2augmented_9.wav,egg
egg_kesavRectrain_2augmented_10.wav,egg
egg_kesavRectrain_2augmented_11.wav,egg
egg_kesavRectrain_2augmented_12.wav,egg
egg_kesavRectrain_2augmented_13.wav,egg
egg_kesavRectrain_2augmented_14.wav,egg
egg_kesavRectrain_2augmented_15.wav,egg
egg_kesavRectrain_2augmented_16.wav,egg
egg_kesavRectrain_2augmented_17.wav,egg
egg_kesavRectrain_2augmented_18.wav,egg
egg_kesavRectrain_2augmented_19.wav,egg
egg_kesavRectrain_2augmented_20.wav,egg
egg_kesavRectrain_2augmented_21.wav,egg
egg_kesavRectrain_2augmented_22.wav,egg
egg_kesavRectrain_2augmented_23.wav,egg
egg_kesavRectrain_2augmented_24.wav,egg
egg_kesavRectrain_3augmented_0.wav,egg
egg_kesavRectrain_3augmented_1.wav,egg
egg_kesavRectrain_3augmented_2.wav,egg
egg_kesavRectrain_3augmented_3.wav,egg
egg_kesavRectrain_3augmented_4.wav,egg
egg_kesavRectrain_3augmented_5.wav,egg
egg_kesavRectrain_3augmented_6.wav,egg
egg_kesavRectrain_3augmented_7.wav,egg
egg_kesavRectrain_3augmented_8.wav,egg
egg_kesavRectrain_3augmented_9.wav,egg
egg_kesavRectrain_3augmented_10.wav,egg
egg_kesavRectrain_3augmented_11.wav,egg
egg_kesavRectrain_3augmented_12.wav,egg
egg_kesavRectrain_3augmented_13.wav,egg
egg_kesavRectrain_3augmented_14.wav,egg
egg_kesavRectrain_3augmented_15.wav,egg
egg_kesavRectrain_3augmented_16.wav,egg
egg_kesavRectrain_3augmented_17.wav,egg
egg_kesavRectrain_3augmented_18.wav,egg
egg_kesavRectrain_3augmented_19.wav,egg
egg_kesavRectrain_3augmented_20.wav,egg
egg_kesavRectrain_3augmented_21.wav,egg
egg_kesavRectrain_3augmented_22.wav,egg
egg_kesavRectrain_3augmented_23.wav,egg
egg_kesavRectrain_3augmented_24.wav,egg
egg_kesavRectrain_4augmented_0.wav,egg
egg_kesavRectrain_4augmented_1.wav,egg
egg_kesavRectrain_4augmented_2.wav,egg
egg_kesavRectrain_4augmented_3.wav,egg
egg_kesavRectrain_4augmented_4.wav,egg
egg_kesavRectrain_4augmented_5.wav,egg
egg_kesavRectrain_4augmented_6.wav,egg
egg_kesavRectrain_4augmented_7.wav,egg
egg_kesavRectrain_4augmented_8.wav,egg
egg_kesavRectrain_4augmented_9.wav,egg
egg_kesavRectrain_4augmented_10.wav,egg
egg_kesavRectrain_4augmented_11.wav,egg
egg_kesavRectrain_4augmented_12.wav,egg
egg_kesavRectrain_4augmented_13.wav,egg
egg_kesavRectrain_4augmented_14.wav,egg
egg_kesavRectrain_4augmented_15.wav,egg
egg_kesavRectrain_4augmented_16.wav,egg
egg_kesavRectrain_4augmented_17.wav,egg
egg_kesavRectrain_4augmented_18.wav,egg
egg_kesavRectrain_4augmented_19.wav,egg
egg_kesavRectrain_4augmented_20.wav,egg
egg_kesavRectrain_4augmented_21.wav,egg
egg_kesavRectrain_4augmented_22.wav,egg
egg_kesavRectrain_4augmented_23.wav,egg
egg_kesavRectrain_4augmented_24.wav,egg
egg_kesavRectrain_5augmented_0.wav,egg
egg_kesavRectrain_5augmented_1.wav,egg
egg_kesavRectrain_5augmented_2.wav,egg
egg_kesavRectrain_5augmented_3.wav,egg
egg_kesavRectrain_5augmented_4.wav,egg
egg_kesavRectrain_5augmented_5.wav,egg
egg_kesavRectrain_5augmented_6.wav,egg
egg_kesavRectrain_5augmented_7.wav,egg
egg_kesavRectrain_5augmented_8.wav,egg
egg_kesavRectrain_5augmented_9.wav,egg
egg_kesavRectrain_5augmented_10.wav,egg
egg_kesavRectrain_5augmented_11.wav,egg
egg_kesavRectrain_5augmented_12.wav,egg
egg_kesavRectrain_5augmented_13.wav,egg
egg_kesavRectrain_5augmented_14.wav,egg
egg_kesavRectrain_5augmented_15.wav,egg
egg_kesavRectrain_5augmented_16.wav,egg
egg_kesavRectrain_5augmented_17.wav,egg
egg_kesavRectrain_5augmented_18.wav,egg
egg_kesavRectrain_5augmented_19.wav,egg
egg_kesavRectrain_5augmented_20.wav,egg
egg_kesavRectrain_5augmented_21.wav,egg
egg_kesavRectrain_5augmented_22.wav,egg
egg_kesavRectrain_5augmented_23.wav,egg
egg_kesavRectrain_5augmented_24.wav,egg
egg_kesavRectrain_6augmented_0.wav,egg
egg_kesavRectrain_6augmented_1.wav,egg
egg_kesavRectrain_6augmented_2.wav,egg
egg_kesavRectrain_6augmented_3.wav,egg
egg_kesavRectrain_6augmented_4.wav,egg
egg_kesavRectrain_6augmented_5.wav,egg
egg_kesavRectrain_6augmented_6.wav,egg
egg_kesavRectrain_6augmented_7.wav,egg
egg_kesavRectrain_6augmented_8.wav,egg
egg_kesavRectrain_6augmented_9.wav,egg
egg_kesavRectrain_6augmented_10.wav,egg
egg_kesavRectrain_6augmented_11.wav,egg
egg_kesavRectrain_6augmented_12.wav,egg
egg_kesavRectrain_6augmented_13.wav,egg
egg_kesavRectrain_6augmented_14.wav,egg
egg_kesavRectrain_6augmented_15.wav,egg
egg_kesavRectrain_6augmented_16.wav,egg
egg_kesavRectrain_6augmented_17.wav,egg
egg_kesavRectrain_6augmented_18.wav,egg
egg_kesavRectrain_6augmented_19.wav,egg
egg_kesavRectrain_6augmented_20.wav,egg
egg_kesavRectrain_6augmented_21.wav,egg
egg_kesavRectrain_6augmented_22.wav,egg
egg_kesavRectrain_6augmented_23.wav,egg
egg_kesavRectrain_6augmented_24.wav,egg
egg_kesavRectrain_7augmented_0.wav,egg
egg_kesavRectrain_7augmented_1.wav,egg
egg_kesavRectrain_7augmented_2.wav,egg
egg_kesavRectrain_7augmented_3.wav,egg
egg_kesavRectrain_7augmented_4.wav,egg
egg_kesavRectrain_7augmented_5.wav,egg
egg_kesavRectrain_7augmented_6.wav,egg
egg_kesavRectrain_7augmented_7.wav,egg
egg_kesavRectrain_7augmented_8.wav,egg
egg_kesavRectrain_7augmented_9.wav,egg
egg_kesavRectrain_7augmented_10.wav,egg
egg_kesavRectrain_7augmented_11.wav,egg
egg_kesavRectrain_7augmented_12.wav,egg
egg_kesavRectrain_7augmented_13.wav,egg
egg_kesavRectrain_7augmented_14.wav,egg
egg_kesavRectrain_7augmented_15.wav,egg
egg_kesavRectrain_7augmented_16.wav,egg
egg_kesavRectrain_7augmented_17.wav,egg
egg_kesavRectrain_7augmented_18.wav,egg
egg_kesavRectrain_7augmented_19.wav,egg
egg_kesavRectrain_7augmented_20.wav,egg
egg_kesavRectrain_7augmented_21.wav,egg
egg_kesavRectrain_7augmented_22.wav,egg
egg_kesavRectrain_7augmented_23.wav,egg
egg_kesavRectrain_7augmented_24.wav,egg
milk_kesavRectrain_0augmented_0.wav,milk
milk_kesavRectrain_0augmented_1.wav,milk
milk_kesavRectrain_0augmented_2.wav,milk
milk_kesavRectrain_0augmented_3.wav,milk
milk_kesavRectrain_0augmented_4.wav,milk
milk_kesavRectrain_0augmented_5.wav,milk
milk_kesavRectrain_0augmented_6.wav,milk
milk_kesavRectrain_0augmented_7.wav,milk
milk_kesavRectrain_0augmented_8.wav,milk
milk_kesavRectrain_0augmented_9.wav,milk
milk_kesavRectrain_0augmented_10.wav,milk
milk_kesavRectrain_0augmented_11.wav,milk
milk_kesavRectrain_0augmented_12.wav,milk
milk_kesavRectrain_0augmented_13.wav,milk
milk_kesavRectrain_0augmented_14.wav,milk
milk_kesavRectrain_0augmented_15.wav,milk
milk_kesavRectrain_0augmented_16.wav,milk
milk_kesavRectrain_0augmented_17.wav,milk
milk_kesavRectrain_0augmented_18.wav,milk
milk_kesavRectrain_0augmented_19.wav,milk
milk_kesavRectrain_0augmented_20.wav,milk
milk_kesavRectrain_0augmented_21.wav,milk
milk_kesavRectrain_0augmented_22.wav,milk
milk_kesavRectrain_0augmented_23.wav,milk
milk_kesavRectrain_0augmented_24.wav,milk
milk_kesavRectrain_1augmented_0.wav,milk
milk_kesavRectrain_1augmented_1.wav,milk
milk_kesavRectrain_1augmented_2.wav,milk
milk_kesavRectrain_1augmented_3.wav,milk
milk_kesavRectrain_1augmented_4.wav,milk
milk_kesavRectrain_1augmented_5.wav,milk
milk_kesavRectrain_1augmented_6.wav,milk
milk_kesavRectrain_1augmented_7.wav,milk
milk_kesavRectrain_1augmented_8.wav,milk
milk_kesavRectrain_1augmented_9.wav,milk
milk_kesavRectrain_1augmented_10.wav,milk
milk_kesavRectrain_1augmented_11.wav,milk
milk_kesavRectrain_1augmented_12.wav,milk
milk_kesavRectrain_1augmented_13.wav,milk
milk_kesavRectrain_1augmented_14.wav,milk
milk_kesavRectrain_1augmented_15.wav,milk
milk_kesavRectrain_1augmented_16.wav,milk
milk_kesavRectrain_1augmented_17.wav,milk
milk_kesavRectrain_1augmented_18.wav,milk
milk_kesavRectrain_1augmented_19.wav,milk
milk_kesavRectrain_1augmented_20.wav,milk
milk_kesavRectrain_1augmented_21.wav,milk
milk_kesavRectrain_1augmented_22.wav,milk
milk_kesavRectrain_1augmented_23.wav,milk
milk_kesavRectrain_1augmented_24.wav,milk
milk_kesavRectrain_2augmented_0.wav,milk
milk_kesavRectrain_2augmented_1.wav,milk
milk_kesavRectrain_2augmented_2.wav,milk
milk_kesavRectrain_2augmented_3.wav,milk
milk_kesavRectrain_2augmented_4.wav,milk
milk_kesavRectrain_2augmented_5.wav,milk
milk_kesavRectrain_2augmented_6.wav,milk
milk_kesavRectrain_2augmented_7.wav,milk
milk_kesavRectrain_2augmented_8.wav,milk
milk_kesavRectrain_2augmented_9.wav,milk
milk_kesavRectrain_2augmented_10.wav,milk
milk_kesavRectrain_2augmented_11.wav,milk
milk_kesavRectrain_2augmented_12.wav,milk
milk_kesavRectrain_2augmented_13.wav,milk
milk_kesavRectrain_2augmented_14.wav,milk
milk_kesavRectrain_2augmented_15.wav,milk
milk_kesavRectrain_2augmented_16.wav,milk
milk_kesavRectrain_2augmented_17.wav,milk
milk_kesavRectrain_2augmented_18.wav,milk
milk_kesavRectrain_2augmented_19.wav,milk
milk_kesavRectrain_2augmented_20.wav,milk
milk_kesavRectrain_2augmented_21.wav,milk
milk_kesavRectrain_2augmented_22.wav,milk
milk_kesavRectrain_2augmented_23.wav,milk
milk_kesavRectrain_2augmented_24.wav,milk
milk_kesavRectrain_3augmented_0.wav,milk
milk_kesavRectrain_3augmented_1.wav,milk
milk_kesavRectrain_3augmented_2.wav,milk
milk_kesavRectrain_3augmented_3.wav,milk
milk_kesavRectrain_3augmented_4.wav,milk
milk_kesavRectrain_3augmented_5.wav,milk
milk_kesavRectrain_3augmented_6.wav,milk
milk_kesavRectrain_3augmented_7.wav,milk
milk_kesavRectrain_3augmented_8.wav,milk
milk_kesavRectrain_3augmented_9.wav,milk
milk_kesavRectrain_3augmented_10.wav,milk
milk_kesavRectrain_3augmented_11.wav,milk
milk_kesavRectrain_3augmented_12.wav,milk
milk_kesavRectrain_3augmented_13.wav,milk
milk_kesavRectrain_3augmented_14.wav,milk
milk_kesavRectrain_3augmented_15.wav,milk
milk_kesavRectrain_3augmented_16.wav,milk
milk_kesavRectrain_3augmented_17.wav,milk
milk_kesavRectrain_3augmented_18.wav,milk
milk_kesavRectrain_3augmented_19.wav,milk
milk_kesavRectrain_3augmented_20.wav,milk
milk_kesavRectrain_3augmented_21.wav,milk
milk_kesavRectrain_3augmented_22.wav,milk
milk_kesavRectrain_3augmented_23.wav,milk
milk_kesavRectrain_3augmented_24.wav,milk
milk_kesavRectrain_4augmented_0.wav,milk
milk_kesavRectrain_4augmented_1.wav,milk
milk_kesavRectrain_4augmented_2.wav,milk
milk_kesavRectrain_4augmented_3.wav,milk
milk_kesavRectrain_4augmented_4.wav,milk
milk_kesavRectrain_4augmented_5.wav,milk
milk_kesavRectrain_4augmented_6.wav,milk
milk_kesavRectrain_4augmented_7.wav,milk
milk_kesavRectrain_4augmented_8.wav,milk
milk_kesavRectrain_4augmented_9.wav,milk
milk_kesavRectrain_4augmented_10.wav,milk
milk_kesavRectrain_4augmented_11.wav,milk
milk_kesavRectrain_4augmented_12.wav,milk
milk_kesavRectrain_4augmented_13.wav,milk
milk_kesavRectrain_4augmented_14.wav,milk
milk_kesavRectrain_4augmented_15.wav,milk
milk_kesavRectrain_4augmented_16.wav,milk
milk_kesavRectrain_4augmented_17.wav,milk
milk_kesavRectrain_4augmented_18.wav,milk
milk_kesavRectrain_4augmented_19.wav,milk
milk_kesavRectrain_4augmented_20.wav,milk
milk_kesavRectrain_4augmented_21.wav,milk
milk_kesavRectrain_4augmented_22.wav,milk
milk_kesavRectrain_4augmented_23.wav,milk
milk_kesavRectrain_4augmented_24.wav,milk
milk_kesavRectrain_5augmented_0.wav,milk
milk_kesavRectrain_5augmented_1.wav,milk
milk_kesavRectrain_5augmented_2.wav,milk
milk_kesavRectrain_5augmented_3.wav,milk
milk_kesavRectrain_5augmented_4.wav,milk
milk_kesavRectrain_5augmented_5.wav,milk
milk_kesavRectrain_5augmented_6.wav,milk
milk_kesavRectrain_5augmented_7.wav,milk
milk_kesavRectrain_5augmented_8.wav,milk
milk_kesavRectrain_5augmented_9.wav,milk
milk_kesavRectrain_5augmented_10.wav,milk
milk_kesavRectrain_5augmented_11.wav,milk
milk_kesavRectrain_5augmented_12.wav,milk
milk_kesavRectrain_5augmented_13.wav,milk
milk_kesavRectrain_5augmented_14.wav,milk
milk_kesavRectrain_5augmented_15.wav,milk
milk_kesavRectrain_5augmented_16.wav,milk
milk_kesavRectrain_5augmented_17.wav,milk
milk_kesavRectrain_5augmented_18.wav,milk
milk_kesavRectrain_5augmented_19.wav,milk
milk_kesavRectrain_5augmented_20.wav,milk
milk_kesavRectrain_5augmented_21.wav,milk
milk_kesavRectrain_5augmented_22.wav,milk
milk_kesavRectrain_5augmented_23.wav,milk
milk_kesavRectrain_5augmented_24.wav,milk
milk_kesavRectrain_6augmented_0.wav,milk
milk_kesavRectrain_6augmented_1.wav,milk
milk_kesavRectrain_6augmented_2.wav,milk
milk_kesavRectrain_6augmented_3.wav,milk
milk_kesavRectrain_6augmented_4.wav,milk
milk_kesavRectrain_6augmented_5.wav,milk
milk_kesavRectrain_6augmented_6.wav,milk
milk_kesavRectrain_6augmented_7.wav,milk
milk_kesavRectrain_6augmented_8.wav,milk
milk_kesavRectrain_6augmented_9.wav,milk
milk_kesavRectrain_6augmented_10.wav,milk
milk_kesavRectrain_6augmented_11.wav,milk
milk_kesavRectrain_6augmented_12.wav,milk
milk_kesavRectrain_6augmented_13.wav,milk
milk_kesavRectrain_6augmented_14.wav,milk
milk_kesavRectrain_6augmented_15.wav,milk
milk_kesavRectrain_6augmented_16.wav,milk
milk_kesavRectrain_6augmented_17.wav,milk
milk_kesavRectrain_6augmented_18.wav,milk
milk_kesavRectrain_6augmented_19.wav,milk
milk_kesavRectrain_6augmented_20.wav,milk
milk_kesavRectrain_6augmented_21.wav,milk
milk_kesavRectrain_6augmented_22.wav,milk
milk_kesavRectrain_6augmented_23.wav,milk
milk_kesavRectrain_6augmented_24.wav,milk
milk_kesavRectrain_7augmented_0.wav,milk
milk_kesavRectrain_7augmented_1.wav,milk
milk_kesavRectrain_7augmented_2.wav,milk
milk_kesavRectrain_7augmented_3.wav,milk
milk_kesavRectrain_7augmented_4.wav,milk
milk_kesavRectrain_7augmented_5.wav,milk
milk_kesavRectrain_7augmented_6.wav,milk
milk_kesavRectrain_7augmented_7.wav,milk
milk_kesavRectrain_7augmented_8.wav,milk
milk_kesavRectrain_7augmented_9.wav,milk
milk_kesavRectrain_7augmented_10.wav,milk
milk_kesavRectrain_7augmented_11.wav,milk
milk_kesavRectrain_7augmented_12.wav,milk
milk_kesavRectrain_7augmented_13.wav,milk
milk_kesavRectrain_7augmented_14.wav,milk
milk_kesavRectrain_7augmented_15.wav,milk
milk_kesavRectrain_7augmented_16.wav,milk
milk_kesavRectrain_7augmented_17.wav,milk
milk_kesavRectrain_7augmented_18.wav,milk
milk_kesavRectrain_7augmented_19.wav,milk
milk_kesavRectrain_7augmented_20.wav,milk
milk_kesavRectrain_7augmented_21.wav,milk
milk_kesavRectrain_7augmented_22.wav,milk
milk_kesavRectrain_7augmented_23.wav,milk
milk_kesavRectrain_7augmented_24.wav,milk
potato_kesavRectrain_0augmented_0.wav,potato
potato_kesavRectrain_0augmented_1.wav,potato
potato_kesavRectrain_0augmented_2.wav,potato
potato_kesavRectrain_0augmented_3.wav,potato
potato_kesavRectrain_0augmented_4.wav,potato
potato_kesavRectrain_0augmented_5.wav,potato
potato_kesavRectrain_0augmented_6.wav,potato
potato_kesavRectrain_0augmented_7.wav,potato
potato_kesavRectrain_0augmented_8.wav,potato
potato_kesavRectrain_0augmented_9.wav,potato
potato_kesavRectrain_0augmented_10.wav,potato
potato_kesavRectrain_0augmented_11.wav,potato
potato_kesavRectrain_0augmented_12.wav,potato
potato_kesavRectrain_0augmented_13.wav,potato
potato_kesavRectrain_0augmented_14.wav,potato
potato_kesavRectrain_0augmented_15.wav,potato
potato_kesavRectrain_0augmented_16.wav,potato
potato_kesavRectrain_0augmented_17.wav,potato
potato_kesavRectrain_0augmented_18.wav,potato
potato_kesavRectrain_0augmented_19.wav,potato
potato_kesavRectrain_0augmented_20.wav,potato
potato_kesavRectrain_0augmented_21.wav,potato
potato_kesavRectrain_0augmented_22.wav,potato
potato_kesavRectrain_0augmented_23.wav,potato
potato_kesavRectrain_0augmented_24.wav,potato
potato_kesavRectrain_1augmented_0.wav,potato
potato_kesavRectrain_1augmented_1.wav,potato
potato_kesavRectrain_1augmented_2.wav,potato
potato_kesavRectrain_1augmented_3.wav,potato
potato_kesavRectrain_1augmented_4.wav,potato
potato_kesavRectrain_1augmented_5.wav,potato
potato_kesavRectrain_1augmented_6.wav,potato
potato_kesavRectrain_1augmented_7.wav,potato
potato_kesavRectrain_1augmented_8.wav,potato
potato_kesavRectrain_1augmented_9.wav,potato
potato_kesavRectrain_1augmented_10.wav,potato
potato_kesavRectrain_1augmented_11.wav,potato
potato_kesavRectrain_1augmented_12.wav,potato
potato_kesavRectrain_1augmented_13.wav,potato
potato_kesavRectrain_1augmented_14.wav,potato
potato_kesavRectrain_1augmented_15.wav,potato
potato_kesavRectrain_1augmented_16.wav,potato
potato_kesavRectrain_1augmented_17.wav,potato
potato_kesavRectrain_1augmented_18.wav,potato
potato_kesavRectrain_1augmented_19.wav,potato
potato_kesavRectrain_1augmented_20.wav,potato
potato_kesavRectrain_1augmented_21.wav,potato
potato_kesavRectrain_1augmented_22.wav,potato
potato_kesavRectrain_1augmented_23.wav,potato
potato_kesavRectrain_1augmented_24.wav,potato
potato_kesavRectrain_2augmented_0.wav,potato
potato_kesavRectrain_2augmented_1.wav,potato
potato_kesavRectrain_2augmented_2.wav,potato
potato_kesavRectrain_2augmented_3.wav,potato
potato_kesavRectrain_2augmented_4.wav,potato
potato_kesavRectrain_2augmented_5.wav,potato
potato_kesavRectrain_2augmented_6.wav,potato
potato_kesavRectrain_2augmented_7.wav,potato
potato_kesavRectrain_2augmented_8.wav,potato
potato_kesavRectrain_2augmented_9.wav,potato
potato_kesavRectrain_2augmented_10.wav,potato
potato_kesavRectrain_2augmented_11.wav,potato
potato_kesavRectrain_2augmented_12.wav,potato
potato_kesavRectrain_2augmented_13.wav,potato
potato_kesavRectrain_2augmented_14.wav,potato
potato_kesavRectrain_2augmented_15.wav,potato
potato_kesavRectrain_2augmented_16.wav,potato
potato_kesavRectrain_2augmented_17.wav,potato
potato_kesavRectrain_2augmented_18.wav,potato
potato_kesavRectrain_2augmented_19.wav,potato
potato_kesavRectrain_2augmented_20.wav,potato
potato_kesavRectrain_2augmented_21.wav,potato
potato_kesavRectrain_2augmented_22.wav,potato
potato_kesavRectrain_2augmented_23.wav,potato
potato_kesavRectrain_2augmented_24.wav,potato
potato_kesavRectrain_3augmented_0.wav,potato
potato_kesavRectrain_3augmented_1.wav,potato
potato_kesavRectrain_3augmented_2.wav,potato
potato_kesavRectrain_3augmented_3.wav,potato
potato_kesavRectrain_3augmented_4.wav,potato
potato_kesavRectrain_3augmented_5.wav,potato
potato_kesavRectrain_3augmented_6.wav,potato
potato_kesavRectrain_3augmented_7.wav,potato
potato_kesavRectrain_3augmented_8.wav,potato
potato_kesavRectrain_3augmented_9.wav,potato
potato_kesavRectrain_3augmented_10.wav,potato
potato_kesavRectrain_3augmented_11.wav,potato
potato_kesavRectrain_3augmented_12.wav,potato
potato_kesavRectrain_3augmented_13.wav,potato
potato_kesavRectrain_3augmented_14.wav,potato
potato_kesavRectrain_3augmented_15.wav,potato
potato_kesavRectrain_3augmented_16.wav,potato
potato_kesavRectrain_3augmented_17.wav,potato
potato_kesavRectrain_3augmented_18.wav,potato
potato_kesavRectrain_3augmented_19.wav,potato
potato_kesavRectrain_3augmented_20.wav,potato
potato_kesavRectrain_3augmented_21.wav,potato
potato_kesavRectrain_3augmented_22.wav,potato
potato_kesavRectrain_3augmented_23.wav,potato
potato_kesavRectrain_3augmented_24.wav,potato
potato_kesavRectrain_4augmented_0.wav,potato
potato_kesavRectrain_4augmented_1.wav,potato
potato_kesavRectrain_4augmented_2.wav,potato
potato_kesavRectrain_4augmented_3.wav,potato
potato_kesavRectrain_4augmented_4.wav,potato
potato_kesavRectrain_4augmented_5.wav,potato
potato_kesavRectrain_4augmented_6.wav,potato
potato_kesavRectrain_4augmented_7.wav,potato
potato_kesavRectrain_4augmented_8.wav,potato
potato_kesavRectrain_4augmented_9.wav,potato
potato_kesavRectrain_4augmented_10.wav,potato
potato_kesavRectrain_4augmented_11.wav,potato
potato_kesavRectrain_4augmented_12.wav,potato
potato_kesavRectrain_4augmented_13.wav,potato
potato_kesavRectrain_4augmented_14.wav,potato
potato_kesavRectrain_4augmented_15.wav,potato
potato_kesavRectrain_4augmented_16.wav,potato
potato_kesavRectrain_4augmented_17.wav,potato
potato_kesavRectrain_4augmented_18.wav,potato
potato_kesavRectrain_4augmented_19.wav,potato
potato_kesavRectrain_4augmented_20.wav,potato
potato_kesavRectrain_4augmented_21.wav,potato
potato_kesavRectrain_4augmented_22.wav,potato
potato_kesavRectrain_4augmented_23.wav,potato
potato_kesavRectrain_4augmented_24.wav,potato
potato_kesavRectrain_5augmented_0.wav,potato
potato_kesavRectrain_5augmented_1.wav,potato
potato_kesavRectrain_5augmented_2.wav,potato
potato_kesavRectrain_5augmented_3.wav,potato
potato_kesavRectrain_5augmented_4.wav,potato
potato_kesavRectrain_5augmented_5.wav,potato
potato_kesavRectrain_5augmented_6.wav,potato
potato_kesavRectrain_5augmented_7.wav,potato
potato_kesavRectrain_5augmented_8.wav,potato
potato_kesavRectrain_5augmented_9.wav,potato
potato_kesavRectrain_5augmented_10.wav,potato
potato_kesavRectrain_5augmented_11.wav,potato
potato_kesavRectrain_5augmented_12.wav,potato
potato_kesavRectrain_5augmented_13.wav,potato
potato_kesavRectrain_5augmented_14.wav,potato
potato_kesavRectrain_5augmented_15.wav,potato
potato_kesavRectrain_5augmented_16.wav,potato
potato_kesavRectrain_5augmented_17.wav,potato
potato_kesavRectrain_5augmented_18.wav,potato
potato_kesavRectrain_5augmented_19.wav,potato
potato_kesavRectrain_5augmented_20.wav,potato
potato_kesavRectrain_5augmented_21.wav,potato
potato_kesavRectrain_5augmented_22.wav,potato
potato_kesavRectrain_5augmented_23.wav,potato
potato_kesavRectrain_5augmented_24.wav,potato
potato_kesavRectrain_6augmented_0.wav,potato
potato_kesavRectrain_6augmented_1.wav,potato
potato_kesavRectrain_6augmented_2.wav,potato
potato_kesavRectrain_6augmented_3.wav,potato
potato_kesavRectrain_6augmented_4.wav,potato
potato_kesavRectrain_6augmented_5.wav,potato
potato_kesavRectrain_6augmented_6.wav,potato
potato_kesavRectrain_6augmented_7.wav,potato
potato_kesavRectrain_6augmented_8.wav,potato
potato_kesavRectrain_6augmented_9.wav,potato
potato_kesavRectrain_6augmented_10.wav,potato
potato_kesavRectrain_6augmented_11.wav,potato
potato_kesavRectrain_6augmented_12.wav,potato
potato_kesavRectrain_6augmented_13.wav,potato
potato_kesavRectrain_6augmented_14.wav,potato
potato_kesavRectrain_6augmented_15.wav,potato
potato_kesavRectrain_6augmented_16.wav,potato
potato_kesavRectrain_6augmented_17.wav,potato
potato_kesavRectrain_6augmented_18.wav,potato
potato_kesavRectrain_6augmented_19.wav,potato
potato_kesavRectrain_6augmented_20.wav,potato
potato_kesavRectrain_6augmented_21.wav,potato
potato_kesavRectrain_6augmented_22.wav,potato
potato_kesavRectrain_6augmented_23.wav,potato
potato_kesavRectrain_6augmented_24.wav,potato
potato_kesavRectrain_7augmented_0.wav,potato
potato_kesavRectrain_7augmented_1.wav,potato
potato_kesavRectrain_7augmented_2.wav,potato
potato_kesavRectrain_7augmented_3.wav,potato
potato_kesavRectrain_7augmented_4.wav,potato
potato_kesavRectrain_7augmented_5.wav,potato
potato_kesavRectrain_7augmented_6.wav,potato
potato_kesavRectrain_7augmented_7.wav,potato
potato_kesavRectrain_7augmented_8.wav,potato
potato_kesavRectrain_7augmented_9.wav,potato
potato_kesavRectrain_7augmented_10.wav,potato
potato_kesavRectrain_7augmented_11.wav,potato
potato_kesavRectrain_7augmented_12.wav,potato
potato_kesavRectrain_7augmented_13.wav,potato
potato_kesavRectrain_7augmented_14.wav,potato
potato_kesavRectrain_7augmented_15.wav,potato
potato_kesavRectrain_7augmented_16.wav,potato
potato_kesavRectrain_7augmented_17.wav,potato
potato_kesavRectrain_7augmented_18.wav,potato
potato_kesavRectrain_7augmented_19.wav,potato
potato_kesavRectrain_7augmented_20.wav,potato
potato_kesavRectrain_7augmented_21.wav,potato
potato_kesavRectrain_7augmented_22.wav,potato
potato_kesavRectrain_7augmented_23.wav,potato
potato_kesavRectrain_7augmented_24.wav,potato
salmon_kesavRectrain_0augmented_0.wav,salmon
salmon_kesavRectrain_0augmented_1.wav,salmon
salmon_kesavRectrain_0augmented_2.wav,salmon
salmon_kesavRectrain_0augmented_3.wav,salmon
salmon_kesavRectrain_0augmented_4.wav,salmon
salmon_kesavRectrain_0augmented_5.wav,salmon
salmon_kesavRectrain_0augmented_6.wav,salmon
salmon_kesavRectrain_0augmented_7.wav,salmon
salmon_kesavRectrain_0augmented_8.wav,salmon
salmon_kesavRectrain_0augmented_9.wav,salmon
salmon_kesavRectrain_0augmented_10.wav,salmon
salmon_kesavRectrain_0augmented_11.wav,salmon
salmon_kesavRectrain_0augmented_12.wav,salmon
salmon_kesavRectrain_0augmented_13.wav,salmon
salmon_kesavRectrain_0augmented_14.wav,salmon
salmon_kesavRectrain_0augmented_15.wav,salmon
salmon_kesavRectrain_0augmented_16.wav,salmon
salmon_kesavRectrain_0augmented_17.wav,salmon
salmon_kesavRectrain_0augmented_18.wav,salmon
salmon_kesavRectrain_0augmented_19.wav,salmon
salmon_kesavRectrain_0augmented_20.wav,salmon
salmon_kesavRectrain_0augmented_21.wav,salmon
salmon_kesavRectrain_0augmented_22.wav,salmon
salmon_kesavRectrain_0augmented_23.wav,salmon
salmon_kesavRectrain_0augmented_24.wav,salmon
salmon_kesavRectrain_1augmented_0.wav,salmon
salmon_kesavRectrain_1augmented_1.wav,salmon
salmon_kesavRectrain_1augmented_2.wav,salmon
salmon_kesavRectrain_1augmented_3.wav,salmon
salmon_kesavRectrain_1augmented_4.wav,salmon
salmon_kesavRectrain_1augmented_5.wav,salmon
salmon_kesavRectrain_1augmented_6.wav,salmon
salmon_kesavRectrain_1augmented_7.wav,salmon
salmon_kesavRectrain_1augmented_8.wav,salmon
salmon_kesavRectrain_1augmented_9.wav,salmon
salmon_kesavRectrain_1augmented_10.wav,salmon
salmon_kesavRectrain_1augmented_11.wav,salmon
salmon_kesavRectrain_1augmented_12.wav,salmon
salmon_kesavRectrain_1augmented_13.wav,salmon
salmon_kesavRectrain_1augmented_14.wav,salmon
salmon_kesavRectrain_1augmented_15.wav,salmon
salmon_kesavRectrain_1augmented_16.wav,salmon
salmon_kesavRectrain_1augmented_17.wav,salmon
salmon_kesavRectrain_1augmented_18.wav,salmon
salmon_kesavRectrain_1augmented_19.wav,salmon
salmon_kesavRectrain_1augmented_20.wav,salmon
salmon_kesavRectrain_1augmented_21.wav,salmon
salmon_kesavRectrain_1augmented_22.wav,salmon
salmon_kesavRectrain_1augmented_23.wav,salmon
salmon_kesavRectrain_1augmented_24.wav,salmon
salmon_kesavRectrain_2augmented_0.wav,salmon
salmon_kesavRectrain_2augmented_1.wav,salmon
salmon_kesavRectrain_2augmented_2.wav,salmon
salmon_kesavRectrain_2augmented_3.wav,salmon
salmon_kesavRectrain_2augmented_4.wav,salmon
salmon_kesavRectrain_2augmented_5.wav,salmon
salmon_kesavRectrain_2augmented_6.wav,salmon
salmon_kesavRectrain_2augmented_7.wav,salmon
salmon_kesavRectrain_2augmented_8.wav,salmon
salmon_kesavRectrain_2augmented_9.wav,salmon
salmon_kesavRectrain_2augmented_10.wav,salmon
salmon_kesavRectrain_2augmented_11.wav,salmon
salmon_kesavRectrain_2augmented_12.wav,salmon
salmon_kesavRectrain_2augmented_13.wav,salmon
salmon_kesavRectrain_2augmented_14.wav,salmon
salmon_kesavRectrain_2augmented_15.wav,salmon
salmon_kesavRectrain_2augmented_16.wav,salmon
salmon_kesavRectrain_2augmented_17.wav,salmon
salmon_kesavRectrain_2augmented_18.wav,salmon
salmon_kesavRectrain_2augmented_19.wav,salmon
salmon_kesavRectrain_2augmented_20.wav,salmon
salmon_kesavRectrain_2augmented_21.wav,salmon
salmon_kesavRectrain_2augmented_22.wav,salmon
salmon_kesavRectrain_2augmented_23.wav,salmon
salmon_kesavRectrain_2augmented_24.wav,salmon
salmon_kesavRectrain_3augmented_0.wav,salmon
salmon_kesavRectrain_3augmented_1.wav,salmon
salmon_kesavRectrain_3augmented_2.wav,salmon
salmon_kesavRectrain_3augmented_3.wav,salmon
salmon_kesavRectrain_3augmented_4.wav,salmon
salmon_kesavRectrain_3augmented_5.wav,salmon
salmon_kesavRectrain_3augmented_6.wav,salmon
salmon_kesavRectrain_3augmented_7.wav,salmon
salmon_kesavRectrain_3augmented_8.wav,salmon
salmon_kesavRectrain_3augmented_9.wav,salmon
salmon_kesavRectrain_3augmented_10.wav,salmon
salmon_kesavRectrain_3augmented_11.wav,salmon
salmon_kesavRectrain_3augmented_12.wav,salmon
salmon_kesavRectrain_3augmented_13.wav,salmon
salmon_kesavRectrain_3augmented_14.wav,salmon
salmon_kesavRectrain_3augmented_15.wav,salmon
salmon_kesavRectrain_3augmented_16.wav,salmon
salmon_kesavRectrain_3augmented_17.wav,salmon
salmon_kesavRectrain_3augmented_18.wav,salmon
salmon_kesavRectrain_3augmented_19.wav,salmon
salmon_kesavRectrain_3augmented_20.wav,salmon
salmon_kesavRectrain_3augmented_21.wav,salmon
salmon_kesavRectrain_3augmented_22.wav,salmon
salmon_kesavRectrain_3augmented_23.wav,salmon
salmon_kesavRectrain_3augmented_24.wav,salmon
salmon_kesavRectrain_4augmented_0.wav,salmon
salmon_kesavRectrain_4augmented_1.wav,salmon
salmon_kesavRectrain_4augmented_2.wav,salmon
salmon_kesavRectrain_4augmented_3.wav,salmon
salmon_kesavRectrain_4augmented_4.wav,salmon
salmon_kesavRectrain_4augmented_5.wav,salmon
salmon_kesavRectrain_4augmented_6.wav,salmon
salmon_kesavRectrain_4augmented_7.wav,salmon
salmon_kesavRectrain_4augmented_8.wav,salmon
salmon_kesavRectrain_4augmented_9.wav,salmon
salmon_kesavRectrain_4augmented_10.wav,salmon
salmon_kesavRectrain_4augmented_11.wav,salmon
salmon_kesavRectrain_4augmented_12.wav,salmon
salmon_kesavRectrain_4augmented_13.wav,salmon
salmon_kesavRectrain_4augmented_14.wav,salmon
salmon_kesavRectrain_4augmented_15.wav,salmon
salmon_kesavRectrain_4augmented_16.wav,salmon
salmon_kesavRectrain_4augmented_17.wav,salmon
salmon_kesavRectrain_4augmented_18.wav,salmon
salmon_kesavRectrain_4augmented_19.wav,salmon
salmon_kesavRectrain_4augmented_20.wav,salmon
salmon_kesavRectrain_4augmented_21.wav,salmon
salmon_kesavRectrain_4augmented_22.wav,salmon
salmon_kesavRectrain_4augmented_23.wav,salmon
salmon_kesavRectrain_4augmented_24.wav,salmon
salmon_kesavRectrain_5augmented_0.wav,salmon
salmon_kesavRectrain_5augmented_1.wav,salmon
salmon_kesavRectrain_5augmented_2.wav,salmon
salmon_kesavRectrain_5augmented_3.wav,salmon
salmon_kesavRectrain_5augmented_4.wav,salmon
salmon_kesavRectrain_5augmented_5.wav,salmon
salmon_kesavRectrain_5augmented_6.wav,salmon
salmon_kesavRectrain_5augmented_7.wav,salmon
salmon_kesavRectrain_5augmented_8.wav,salmon
salmon_kesavRectrain_5augmented_9.wav,salmon
salmon_kesavRectrain_5augmented_10.wav,salmon
salmon_kesavRectrain_5augmented_11.wav,salmon
salmon_kesavRectrain_5augmented_12.wav,salmon
salmon_kesavRectrain_5augmented_13.wav,salmon
salmon_kesavRectrain_5augmented_14.wav,salmon
salmon_kesavRectrain_5augmented_15.wav,salmon
salmon_kesavRectrain_5augmented_16.wav,salmon
salmon_kesavRectrain_5augmented_17.wav,salmon
salmon_kesavRectrain_5augmented_18.wav,salmon
salmon_kesavRectrain_5augmented_19.wav,salmon
salmon_kesavRectrain_5augmented_20.wav,salmon
salmon_kesavRectrain_5augmented_21.wav,salmon
salmon_kesavRectrain_5augmented_22.wav,salmon
salmon_kesavRectrain_5augmented_23.wav,salmon
salmon_kesavRectrain_5augmented_24.wav,salmon
salmon_kesavRectrain_6augmented_0.wav,salmon
salmon_kesavRectrain_6augmented_1.wav,salmon
salmon_kesavRectrain_6augmented_2.wav,salmon
salmon_kesavRectrain_6augmented_3.wav,salmon
salmon_kesavRectrain_6augmented_4.wav,salmon
salmon_kesavRectrain_6augmented_5.wav,salmon
salmon_kesavRectrain_6augmented_6.wav,salmon
salmon_kesavRectrain_6augmented_7.wav,salmon
salmon_kesavRectrain_6augmented_8.wav,salmon
salmon_kesavRectrain_6augmented_9.wav,salmon
salmon_kesavRectrain_6augmented_10.wav,salmon
salmon_kesavRectrain_6augmented_11.wav,salmon
salmon_kesavRectrain_6augmented_12.wav,salmon
salmon_kesavRectrain_6augmented_13.wav,salmon
salmon_kesavRectrain_6augmented_14.wav,salmon
salmon_kesavRectrain_6augmented_15.wav,salmon
salmon_kesavRectrain_6augmented_16.wav,salmon
salmon_kesavRectrain_6augmented_17.wav,salmon
salmon_kesavRectrain_6augmented_18.wav,salmon
salmon_kesavRectrain_6augmented_19.wav,salmon
salmon_kesavRectrain_6augmented_20.wav,salmon
salmon_kesavRectrain_6augmented_21.wav,salmon
salmon_kesavRectrain_6augmented_22.wav,salmon
salmon_kesavRectrain_6augmented_23.wav,salmon
salmon_kesavRectrain_6augmented_24.wav,salmon
salmon_kesavRectrain_7augmented_0.wav,salmon
salmon_kesavRectrain_7augmented_1.wav,salmon
salmon_kesavRectrain_7augmented_2.wav,salmon
salmon_kesavRectrain_7augmented_3.wav,salmon
salmon_kesavRectrain_7augmented_4.wav,salmon
salmon_kesavRectrain_7augmented_5.wav,salmon
salmon_kesavRectrain_7augmented_6.wav,salmon
salmon_kesavRectrain_7augmented_7.wav,salmon
salmon_kesavRectrain_7augmented_8.wav,salmon
salmon_kesavRectrain_7augmented_9.wav,salmon
salmon_kesavRectrain_7augmented_10.wav,salmon
salmon_kesavRectrain_7augmented_11.wav,salmon
salmon_kesavRectrain_7augmented_12.wav,salmon
salmon_kesavRectrain_7augmented_13.wav,salmon
salmon_kesavRectrain_7augmented_14.wav,salmon
salmon_kesavRectrain_7augmented_15.wav,salmon
salmon_kesavRectrain_7augmented_16.wav,salmon
salmon_kesavRectrain_7augmented_17.wav,salmon
salmon_kesavRectrain_7augmented_18.wav,salmon
salmon_kesavRectrain_7augmented_19.wav,salmon
salmon_kesavRectrain_7augmented_20.wav,salmon
salmon_kesavRectrain_7augmented_21.wav,salmon
salmon_kesavRectrain_7augmented_22.wav,salmon
salmon_kesavRectrain_7augmented_23.wav,salmon
salmon_kesavRectrain_7augmented_24.wav,salmon
sausage_kesavRectrain_0augmented_0.wav,sausage
sausage_kesavRectrain_0augmented_1.wav,sausage
sausage_kesavRectrain_0augmented_2.wav,sausage
sausage_kesavRectrain_0augmented_3.wav,sausage
sausage_kesavRectrain_0augmented_4.wav,sausage
sausage_kesavRectrain_0augmented_5.wav,sausage
sausage_kesavRectrain_0augmented_6.wav,sausage
sausage_kesavRectrain_0augmented_7.wav,sausage
sausage_kesavRectrain_0augmented_8.wav,sausage
sausage_kesavRectrain_0augmented_9.wav,sausage
sausage_kesavRectrain_0augmented_10.wav,sausage
sausage_kesavRectrain_0augmented_11.wav,sausage
sausage_kesavRectrain_0augmented_12.wav,sausage
sausage_kesavRectrain_0augmented_13.wav,sausage
sausage_kesavRectrain_0augmented_14.wav,sausage
sausage_kesavRectrain_0augmented_15.wav,sausage
sausage_kesavRectrain_0augmented_16.wav,sausage
sausage_kesavRectrain_0augmented_17.wav,sausage
sausage_kesavRectrain_0augmented_18.wav,sausage
sausage_kesavRectrain_0augmented_19.wav,sausage
sausage_kesavRectrain_0augmented_20.wav,sausage
sausage_kesavRectrain_0augmented_21.wav,sausage
sausage_kesavRectrain_0augmented_22.wav,sausage
sausage_kesavRectrain_0augmented_23.wav,sausage
sausage_kesavRectrain_0augmented_24.wav,sausage
sausage_kesavRectrain_1augmented_0.wav,sausage
sausage_kesavRectrain_1augmented_1.wav,sausage
sausage_kesavRectrain_1augmented_2.wav,sausage
sausage_kesavRectrain_1augmented_3.wav,sausage
sausage_kesavRectrain_1augmented_4.wav,sausage
sausage_kesavRectrain_1augmented_5.wav,sausage
sausage_kesavRectrain_1augmented_6.wav,sausage
sausage_kesavRectrain_1augmented_7.wav,sausage
sausage_kesavRectrain_1augmented_8.wav,sausage
sausage_kesavRectrain_1augmented_9.wav,sausage
sausage_kesavRectrain_1augmented_10.wav,sausage
sausage_kesavRectrain_1augmented_11.wav,sausage
sausage_kesavRectrain_1augmented_12.wav,sausage
sausage_kesavRectrain_1augmented_13.wav,sausage
sausage_kesavRectrain_1augmented_14.wav,sausage
sausage_kesavRectrain_1augmented_15.wav,sausage
sausage_kesavRectrain_1augmented_16.wav,sausage
sausage_kesavRectrain_1augmented_17.wav,sausage
sausage_kesavRectrain_1augmented_18.wav,sausage
sausage_kesavRectrain_1augmented_19.wav,sausage
sausage_kesavRectrain_1augmented_20.wav,sausage
sausage_kesavRectrain_1augmented_21.wav,sausage
sausage_kesavRectrain_1augmented_22.wav,sausage
sausage_kesavRectrain_1augmented_23.wav,sausage
sausage_kesavRectrain_1augmented_24.wav,sausage
sausage_kesavRectrain_2augmented_0.wav,sausage
sausage_kesavRectrain_2augmented_1.wav,sausage
sausage_kesavRectrain_2augmented_2.wav,sausage
sausage_kesavRectrain_2augmented_3.wav,sausage
sausage_kesavRectrain_2augmented_4.wav,sausage
sausage_kesavRectrain_2augmented_5.wav,sausage
sausage_kesavRectrain_2augmented_6.wav,sausage
sausage_kesavRectrain_2augmented_7.wav,sausage
sausage_kesavRectrain_2augmented_8.wav,sausage
sausage_kesavRectrain_2augmented_9.wav,sausage
sausage_kesavRectrain_2augmented_10.wav,sausage
sausage_kesavRectrain_2augmented_11.wav,sausage
sausage_kesavRectrain_2augmented_12.wav,sausage
sausage_kesavRectrain_2augmented_13.wav,sausage
sausage_kesavRectrain_2augmented_14.wav,sausage
sausage_kesavRectrain_2augmented_15.wav,sausage
sausage_kesavRectrain_2augmented_16.wav,sausage
sausage_kesavRectrain_2augmented_17.wav,sausage
sausage_kesavRectrain_2augmented_18.wav,sausage
sausage_kesavRectrain_2augmented_19.wav,sausage
sausage_kesavRectrain_2augmented_20.wav,sausage
sausage_kesavRectrain_2augmented_21.wav,sausage
sausage_kesavRectrain_2augmented_22.wav,sausage
sausage_kesavRectrain_2augmented_23.wav,sausage
sausage_kesavRectrain_2augmented_24.wav,sausage
sausage_kesavRectrain_3augmented_0.wav,sausage
sausage_kesavRectrain_3augmented_1.wav,sausage
sausage_kesavRectrain_3augmented_2.wav,sausage
sausage_kesavRectrain_3augmented_3.wav,sausage
sausage_kesavRectrain_3augmented_4.wav,sausage
sausage_kesavRectrain_3augmented_5.wav,sausage
sausage_kesavRectrain_3augmented_6.wav,sausage
sausage_kesavRectrain_3augmented_7.wav,sausage
sausage_kesavRectrain_3augmented_8.wav,sausage
sausage_kesavRectrain_3augmented_9.wav,sausage
sausage_kesavRectrain_3augmented_10.wav,sausage
sausage_kesavRectrain_3augmented_11.wav,sausage
sausage_kesavRectrain_3augmented_12.wav,sausage
sausage_kesavRectrain_3augmented_13.wav,sausage
sausage_kesavRectrain_3augmented_14.wav,sausage
sausage_kesavRectrain_3augmented_15.wav,sausage
sausage_kesavRectrain_3augmented_16.wav,sausage
sausage_kesavRectrain_3augmented_17.wav,sausage
sausage_kesavRectrain_3augmented_18.wav,sausage
sausage_kesavRectrain_3augmented_19.wav,sausage
sausage_kesavRectrain_3augmented_20.wav,sausage
sausage_kesavRectrain_3augmented_21.wav,sausage
sausage_kesavRectrain_3augmented_22.wav,sausage
sausage_kesavRectrain_3augmented_23.wav,sausage
sausage_kesavRectrain_3augmented_24.wav,sausage
sausage_kesavRectrain_4augmented_0.wav,sausage
sausage_kesavRectrain_4augmented_1.wav,sausage
sausage_kesavRectrain_4augmented_2.wav,sausage
sausage_kesavRectrain_4augmented_3.wav,sausage
sausage_kesavRectrain_4augmented_4.wav,sausage
sausage_kesavRectrain_4augmented_5.wav,sausage
sausage_kesavRectrain_4augmented_6.wav,sausage
sausage_kesavRectrain_4augmented_7.wav,sausage
sausage_kesavRectrain_4augmented_8.wav,sausage
sausage_kesavRectrain_4augmented_9.wav,sausage
sausage_kesavRectrain_4augmented_10.wav,sausage
sausage_kesavRectrain_4augmented_11.wav,sausage
sausage_kesavRectrain_4augmented_12.wav,sausage
sausage_kesavRectrain_4augmented_13.wav,sausage
sausage_kesavRectrain_4augmented_14.wav,sausage
sausage_kesavRectrain_4augmented_15.wav,sausage
sausage_kesavRectrain_4augmented_16.wav,sausage
sausage_kesavRectrain_4augmented_17.wav,sausage
sausage_kesavRectrain_4augmented_18.wav,sausage
sausage_kesavRectrain_4augmented_19.wav,sausage
sausage_kesavRectrain_4augmented_20.wav,sausage
sausage_kesavRectrain_4augmented_21.wav,sausage
sausage_kesavRectrain_4augmented_22.wav,sausage
sausage_kesavRectrain_4augmented_23.wav,sausage
sausage_kesavRectrain_4augmented_24.wav,sausage
sausage_kesavRectrain_5augmented_0.wav,sausage
sausage_kesavRectrain_5augmented_1.wav,sausage
sausage_kesavRectrain_5augmented_2.wav,sausage
sausage_kesavRectrain_5augmented_3.wav,sausage
sausage_kesavRectrain_5augmented_4.wav,sausage
sausage_kesavRectrain_5augmented_5.wav,sausage
sausage_kesavRectrain_5augmented_6.wav,sausage
sausage_kesavRectrain_5augmented_7.wav,sausage
sausage_kesavRectrain_5augmented_8.wav,sausage
sausage_kesavRectrain_5augmented_9.wav,sausage
sausage_kesavRectrain_5augmented_10.wav,sausage
sausage_kesavRectrain_5augmented_11.wav,sausage
sausage_kesavRectrain_5augmented_12.wav,sausage
sausage_kesavRectrain_5augmented_13.wav,sausage
sausage_kesavRectrain_5augmented_14.wav,sausage
sausage_kesavRectrain_5augmented_15.wav,sausage
sausage_kesavRectrain_5augmented_16.wav,sausage
sausage_kesavRectrain_5augmented_17.wav,sausage
sausage_kesavRectrain_5augmented_18.wav,sausage
sausage_kesavRectrain_5augmented_19.wav,sausage
sausage_kesavRectrain_5augmented_20.wav,sausage
sausage_kesavRectrain_5augmented_21.wav,sausage
sausage_kesavRectrain_5augmented_22.wav,sausage
sausage_kesavRectrain_5augmented_23.wav,sausage
sausage_kesavRectrain_5augmented_24.wav,sausage
sausage_kesavRectrain_6augmented_0.wav,sausage
sausage_kesavRectrain_6augmented_1.wav,sausage
sausage_kesavRectrain_6augmented_2.wav,sausage
sausage_kesavRectrain_6augmented_3.wav,sausage
sausage_kesavRectrain_6augmented_4.wav,sausage
sausage_kesavRectrain_6augmented_5.wav,sausage
sausage_kesavRectrain_6augmented_6.wav,sausage
sausage_kesavRectrain_6augmented_7.wav,sausage
sausage_kesavRectrain_6augmented_8.wav,sausage
sausage_kesavRectrain_6augmented_9.wav,sausage
sausage_kesavRectrain_6augmented_10.wav,sausage
sausage_kesavRectrain_6augmented_11.wav,sausage
sausage_kesavRectrain_6augmented_12.wav,sausage
sausage_kesavRectrain_6augmented_13.wav,sausage
sausage_kesavRectrain_6augmented_14.wav,sausage
sausage_kesavRectrain_6augmented_15.wav,sausage
sausage_kesavRectrain_6augmented_16.wav,sausage
sausage_kesavRectrain_6augmented_17.wav,sausage
sausage_kesavRectrain_6augmented_18.wav,sausage
sausage_kesavRectrain_6augmented_19.wav,sausage
sausage_kesavRectrain_6augmented_20.wav,sausage
sausage_kesavRectrain_6augmented_21.wav,sausage
sausage_kesavRectrain_6augmented_22.wav,sausage
sausage_kesavRectrain_6augmented_23.wav,sausage
sausage_kesavRectrain_6augmented_24.wav,sausage
sausage_kesavRectrain_7augmented_0.wav,sausage
sausage_kesavRectrain_7augmented_1.wav,sausage
sausage_kesavRectrain_7augmented_2.wav,sausage
sausage_kesavRectrain_7augmented_3.wav,sausage
sausage_kesavRectrain_7augmented_4.wav,sausage
sausage_kesavRectrain_7augmented_5.wav,sausage
sausage_kesavRectrain_7augmented_6.wav,sausage
sausage_kesavRectrain_7augmented_7.wav,sausage
sausage_kesavRectrain_7augmented_8.wav,sausage
sausage_kesavRectrain_7augmented_9.wav,sausage
sausage_kesavRectrain_7augmented_10.wav,sausage
sausage_kesavRectrain_7augmented_11.wav,sausage
sausage_kesavRectrain_7augmented_12.wav,sausage
sausage_kesavRectrain_7augmented_13.wav,sausage
sausage_kesavRectrain_7augmented_14.wav,sausage
sausage_kesavRectrain_7augmented_15.wav,sausage
sausage_kesavRectrain_7augmented_16.wav,sausage
sausage_kesavRectrain_7augmented_17.wav,sausage
sausage_kesavRectrain_7augmented_18.wav,sausage
sausage_kesavRectrain_7augmented_19.wav,sausage
sausage_kesavRectrain_7augmented_20.wav,sausage
sausage_kesavRectrain_7augmented_21.wav,sausage
sausage_kesavRectrain_7augmented_22.wav,sausage
sausage_kesavRectrain_7augmented_23.wav,sausage
sausage_kesavRectrain_7augmented_24.wav,sausage
yogurt_kesavRectrain_0augmented_0.wav,yogurt
yogurt_kesavRectrain_0augmented_1.wav,yogurt
yogurt_kesavRectrain_0augmented_2.wav,yogurt
yogurt_kesavRectrain_0augmented_3.wav,yogurt
yogurt_kesavRectrain_0augmented_4.wav,yogurt
yogurt_kesavRectrain_0augmented_5.wav,yogurt
yogurt_kesavRectrain_0augmented_6.wav,yogurt
yogurt_kesavRectrain_0augmented_7.wav,yogurt
yogurt_kesavRectrain_0augmented_8.wav,yogurt
yogurt_kesavRectrain_0augmented_9.wav,yogurt
yogurt_kesavRectrain_0augmented_10.wav,yogurt
yogurt_kesavRectrain_0augmented_11.wav,yogurt
yogurt_kesavRectrain_0augmented_12.wav,yogurt
yogurt_kesavRectrain_0augmented_13.wav,yogurt
yogurt_kesavRectrain_0augmented_14.wav,yogurt
yogurt_kesavRectrain_0augmented_15.wav,yogurt
yogurt_kesavRectrain_0augmented_16.wav,yogurt
yogurt_kesavRectrain_0augmented_17.wav,yogurt
yogurt_kesavRectrain_0augmented_18.wav,yogurt
yogurt_kesavRectrain_0augmented_19.wav,yogurt
yogurt_kesavRectrain_0augmented_20.wav,yogurt
yogurt_kesavRectrain_0augmented_21.wav,yogurt
yogurt_kesavRectrain_0augmented_22.wav,yogurt
yogurt_kesavRectrain_0augmented_23.wav,yogurt
yogurt_kesavRectrain_0augmented_24.wav,yogurt
yogurt_kesavRectrain_1augmented_0.wav,yogurt
yogurt_kesavRectrain_1augmented_1.wav,yogurt
yogurt_kesavRectrain_1augmented_2.wav,yogurt
yogurt_kesavRectrain_1augmented_3.wav,yogurt
yogurt_kesavRectrain_1augmented_4.wav,yogurt
yogurt_kesavRectrain_1augmented_5.wav,yogurt
yogurt_kesavRectrain_1augmented_6.wav,yogurt
yogurt_kesavRectrain_1augmented_7.wav,yogurt
yogurt_kesavRectrain_1augmented_8.wav,yogurt
yogurt_kesavRectrain_1augmented_9.wav,yogurt
yogurt_kesavRectrain_1augmented_10.wav,yogurt
yogurt_kesavRectrain_1augmented_11.wav,yogurt
yogurt_kesavRectrain_1augmented_12.wav,yogurt
yogurt_kesavRectrain_1augmented_13.wav,yogurt
yogurt_kesavRectrain_1augmented_14.wav,yogurt
yogurt_kesavRectrain_1augmented_15.wav,yogurt
yogurt_kesavRectrain_1augmented_16.wav,yogurt
yogurt_kesavRectrain_1augmented_17.wav,yogurt
yogurt_kesavRectrain_1augmented_18.wav,yogurt
yogurt_kesavRectrain_1augmented_19.wav,yogurt
yogurt_kesavRectrain_1augmented_20.wav,yogurt
yogurt_kesavRectrain_1augmented_21.wav,yogurt
yogurt_kesavRectrain_1augmented_22.wav,yogurt
yogurt_kesavRectrain_1augmented_23.wav,yogurt
yogurt_kesavRectrain_1augmented_24.wav,yogurt
yogurt_kesavRectrain_2augmented_0.wav,yogurt
yogurt_kesavRectrain_2augmented_1.wav,yogurt
yogurt_kesavRectrain_2augmented_2.wav,yogurt
yogurt_kesavRectrain_2augmented_3.wav,yogurt
yogurt_kesavRectrain_2augmented_4.wav,yogurt
yogurt_kesavRectrain_2augmented_5.wav,yogurt
yogurt_kesavRectrain_2augmented_6.wav,yogurt
yogurt_kesavRectrain_2augmented_7.wav,yogurt
yogurt_kesavRectrain_2augmented_8.wav,yogurt
yogurt_kesavRectrain_2augmented_9.wav,yogurt
yogurt_kesavRectrain_2augmented_10.wav,yogurt
yogurt_kesavRectrain_2augmented_11.wav,yogurt
yogurt_kesavRectrain_2augmented_12.wav,yogurt
yogurt_kesavRectrain_2augmented_13.wav,yogurt
yogurt_kesavRectrain_2augmented_14.wav,yogurt
yogurt_kesavRectrain_2augmented_15.wav,yogurt
yogurt_kesavRectrain_2augmented_16.wav,yogurt
yogurt_kesavRectrain_2augmented_17.wav,yogurt
yogurt_kesavRectrain_2augmented_18.wav,yogurt
yogurt_kesavRectrain_2augmented_19.wav,yogurt
yogurt_kesavRectrain_2augmented_20.wav,yogurt
yogurt_kesavRectrain_2augmented_21.wav,yogurt
yogurt_kesavRectrain_2augmented_22.wav,yogurt
yogurt_kesavRectrain_2augmented_23.wav,yogurt
yogurt_kesavRectrain_2augmented_24.wav,yogurt
yogurt_kesavRectrain_3augmented_0.wav,yogurt
yogurt_kesavRectrain_3augmented_1.wav,yogurt
yogurt_kesavRectrain_3augmented_2.wav,yogurt
yogurt_kesavRectrain_3augmented_3.wav,yogurt
yogurt_kesavRectrain_3augmented_4.wav,yogurt
yogurt_kesavRectrain_3augmented_5.wav,yogurt
yogurt_kesavRectrain_3augmented_6.wav,yogurt
yogurt_kesavRectrain_3augmented_7.wav,yogurt
yogurt_kesavRectrain_3augmented_8.wav,yogurt
yogurt_kesavRectrain_3augmented_9.wav,yogurt
yogurt_kesavRectrain_3augmented_10.wav,yogurt
yogurt_kesavRectrain_3augmented_11.wav,yogurt
yogurt_kesavRectrain_3augmented_12.wav,yogurt
yogurt_kesavRectrain_3augmented_13.wav,yogurt
yogurt_kesavRectrain_3augmented_14.wav,yogurt
yogurt_kesavRectrain_3augmented_15.wav,yogurt
yogurt_kesavRectrain_3augmented_16.wav,yogurt
yogurt_kesavRectrain_3augmented_17.wav,yogurt
yogurt_kesavRectrain_3augmented_18.wav,yogurt
yogurt_kesavRectrain_3augmented_19.wav,yogurt
yogurt_kesavRectrain_3augmented_20.wav,yogurt
yogurt_kesavRectrain_3augmented_21.wav,yogurt
yogurt_kesavRectrain_3augmented_22.wav,yogurt
yogurt_kesavRectrain_3augmented_23.wav,yogurt
yogurt_kesavRectrain_3augmented_24.wav,yogurt
yogurt_kesavRectrain_4augmented_0.wav,yogurt
yogurt_kesavRectrain_4augmented_1.wav,yogurt
yogurt_kesavRectrain_4augmented_2.wav,yogurt
yogurt_kesavRectrain_4augmented_3.wav,yogurt
yogurt_kesavRectrain_4augmented_4.wav,yogurt
yogurt_kesavRectrain_4augmented_5.wav,yogurt
yogurt_kesavRectrain_4augmented_6.wav,yogurt
yogurt_kesavRectrain_4augmented_7.wav,yogurt
yogurt_kesavRectrain_4augmented_8.wav,yogurt
yogurt_kesavRectrain_4augmented_9.wav,yogurt
yogurt_kesavRectrain_4augmented_10.wav,yogurt
yogurt_kesavRectrain_4augmented_11.wav,yogurt
yogurt_kesavRectrain_4augmented_12.wav,yogurt
yogurt_kesavRectrain_4augmented_13.wav,yogurt
yogurt_kesavRectrain_4augmented_14.wav,yogurt
yogurt_kesavRectrain_4augmented_15.wav,yogurt
yogurt_kesavRectrain_4augmented_16.wav,yogurt
yogurt_kesavRectrain_4augmented_17.wav,yogurt
yogurt_kesavRectrain_4augmented_18.wav,yogurt
yogurt_kesavRectrain_4augmented_19.wav,yogurt
yogurt_kesavRectrain_4augmented_20.wav,yogurt
yogurt_kesavRectrain_4augmented_21.wav,yogurt
yogurt_kesavRectrain_4augmented_22.wav,yogurt
yogurt_kesavRectrain_4augmented_23.wav,yogurt
yogurt_kesavRectrain_4augmented_24.wav,yogurt
yogurt_kesavRectrain_5augmented_0.wav,yogurt
yogurt_kesavRectrain_5augmented_1.wav,yogurt
yogurt_kesavRectrain_5augmented_2.wav,yogurt
yogurt_kesavRectrain_5augmented_3.wav,yogurt
yogurt_kesavRectrain_5augmented_4.wav,yogurt
yogurt_kesavRectrain_5augmented_5.wav,yogurt
yogurt_kesavRectrain_5augmented_6.wav,yogurt
yogurt_kesavRectrain_5augmented_7.wav,yogurt
yogurt_kesavRectrain_5augmented_8.wav,yogurt
yogurt_kesavRectrain_5augmented_9.wav,yogurt
yogurt_kesavRectrain_5augmented_10.wav,yogurt
yogurt_kesavRectrain_5augmented_11.wav,yogurt
yogurt_kesavRectrain_5augmented_12.wav,yogurt
yogurt_kesavRectrain_5augmented_13.wav,yogurt
yogurt_kesavRectrain_5augmented_14.wav,yogurt
yogurt_kesavRectrain_5augmented_15.wav,yogurt
yogurt_kesavRectrain_5augmented_16.wav,yogurt
yogurt_kesavRectrain_5augmented_17.wav,yogurt
yogurt_kesavRectrain_5augmented_18.wav,yogurt
yogurt_kesavRectrain_5augmented_19.wav,yogurt
yogurt_kesavRectrain_5augmented_20.wav,yogurt
yogurt_kesavRectrain_5augmented_21.wav,yogurt
yogurt_kesavRectrain_5augmented_22.wav,yogurt
yogurt_kesavRectrain_5augmented_23.wav,yogurt
yogurt_kesavRectrain_5augmented_24.wav,yogurt
yogurt_kesavRectrain_6augmented_0.wav,yogurt
yogurt_kesavRectrain_6augmented_1.wav,yogurt
yogurt_kesavRectrain_6augmented_2.wav,yogurt
yogurt_kesavRectrain_6augmented_3.wav,yogurt
yogurt_kesavRectrain_6augmented_4.wav,yogurt
yogurt_kesavRectrain_6augmented_5.wav,yogurt
yogurt_kesavRectrain_6augmented_6.wav,yogurt
yogurt_kesavRectrain_6augmented_7.wav,yogurt
yogurt_kesavRectrain_6augmented_8.wav,yogurt
yogurt_kesavRectrain_6augmented_9.wav,yogurt
yogurt_kesavRectrain_6augmented_10.wav,yogurt
yogurt_kesavRectrain_6augmented_11.wav,yogurt
yogurt_kesavRectrain_6augmented_12.wav,yogurt
yogurt_kesavRectrain_6augmented_13.wav,yogurt
yogurt_kesavRectrain_6augmented_14.wav,yogurt
yogurt_kesavRectrain_6augmented_15.wav,yogurt
yogurt_kesavRectrain_6augmented_16.wav,yogurt
yogurt_kesavRectrain_6augmented_17.wav,yogurt
yogurt_kesavRectrain_6augmented_18.wav,yogurt
yogurt_kesavRectrain_6augmented_19.wav,yogurt
yogurt_kesavRectrain_6augmented_20.wav,yogurt
yogurt_kesavRectrain_6augmented_21.wav,yogurt
yogurt_kesavRectrain_6augmented_22.wav,yogurt
yogurt_kesavRectrain_6augmented_23.wav,yogurt
yogurt_kesavRectrain_6augmented_24.wav,yogurt
yogurt_kesavRectrain_7augmented_0.wav,yogurt
yogurt_kesavRectrain_7augmented_1.wav,yogurt
yogurt_kesavRectrain_7augmented_2.wav,yogurt
yogurt_kesavRectrain_7augmented_3.wav,yogurt
yogurt_kesavRectrain_7augmented_4.wav,yogurt
yogurt_kesavRectrain_7augmented_5.wav,yogurt
yogurt_kesavRectrain_7augmented_6.wav,yogurt
yogurt_kesavRectrain_7augmented_7.wav,yogurt
yogurt_kesavRectrain_7augmented_8.wav,yogurt
yogurt_kesavRectrain_7augmented_9.wav,yogurt
yogurt_kesavRectrain_7augmented_10.wav,yogurt
yogurt_kesavRectrain_7augmented_11.wav,yogurt
yogurt_kesavRectrain_7augmented_12.wav,yogurt
yogurt_kesavRectrain_7augmented_13.wav,yogurt
yogurt_kesavRectrain_7augmented_14.wav,yogurt
yogurt_kesavRectrain_7augmented_15.wav,yogurt
yogurt_kesavRectrain_7augmented_16.wav,yogurt
yogurt_kesavRectrain_7augmented_17.wav,yogurt
yogurt_kesavRectrain_7augmented_18.wav,yogurt
yogurt_kesavRectrain_7augmented_19.wav,yogurt
yogurt_kesavRectrain_7augmented_20.wav,yogurt
yogurt_kesavRectrain_7augmented_21.wav,yogurt
yogurt_kesavRectrain_7augmented_22.wav,yogurt
yogurt_kesavRectrain_7augmented_23.wav,yogurt
yogurt_kesavRectrain_7augmented_24.wav,yogurt
